,avggpu,labels
0,0.8355756,0.8048845367014169
1,0.8221728,0.8143601653995144
2,0.8204141,0.7977216888181714
3,0.8089965,0.8060419023273572
4,0.8224286,0.8134905652887071
5,0.8006064,0.8562039240091545
6,0.81435114,0.8775495897033515
7,0.82143515,0.8704182465897544
8,0.87270874,0.8018119957231918
9,0.8905853,0.786699578229252
10,0.8785043,0.7866658993466044
11,0.7994242,0.7953153949390118
12,0.7905429,0.7940678088752154
13,0.7908063,0.7870965010581666
14,0.80113965,0.797003345763423
15,0.79827887,0.7954263384203334
16,0.79102767,0.7922214639433095
17,0.8046679,0.7894385102679656
18,0.80140674,0.7848501616939664
19,0.79851395,0.7988256284715406
20,0.79580194,0.8225366274700748
21,0.7909016,0.8088072088026707
22,0.80858535,0.810643885578053
23,0.83484733,0.8182381300529823
24,0.8142637,0.8098191918269481
25,0.81956095,0.8304981245455455
26,0.82768697,0.81005404410447
27,0.8161923,0.8111142470125913
28,0.84276813,0.8041368764604945
29,0.8135609,0.8006300718735947
30,0.8193132,0.8232723578812865
31,0.8096509,0.8621713107015082
32,0.807046,0.8550391022609646
33,0.83469397,0.8610152348336907
34,0.87799025,0.8737799717226403
35,0.86210555,0.8824738205076118
36,0.8715739,0.8652259418280513
37,0.884597,0.8697037443213448
38,0.89246136,0.8382611161100192
39,0.8689535,0.7839597286467278
40,0.8775812,0.7268120401295636
41,0.83726126,0.7060503568522946
42,0.7823931,0.7015054527286823
43,0.7255619,0.7187116392387168
44,0.7043496,0.7247234242213275
45,0.7012103,0.7576347929652233
46,0.7213109,0.7324006644198312
47,0.72671527,0.7322794000311493
48,0.7666326,0.7252598146401253
49,0.73299676,0.6944117730498981
50,0.7386437,0.7157286568867872
51,0.73058707,0.6883913760785879
52,0.6958757,0.6695906049624994
53,0.7257585,0.6974407987086132
54,0.6905134,0.673533406330339
55,0.6732529,0.7093518476027495
56,0.70873165,0.7099936425485013
57,0.67717487,0.7223766363195209
58,0.7237372,0.6790742292507294
59,0.7198253,0.679873141987236
60,0.7355017,0.6550873958499138
61,0.68242806,0.6341634657528138
62,0.6898208,0.6226861129276103
63,0.66011006,0.6189408698474753
64,0.6388956,0.6074252751250585
65,0.6280291,0.5910414092004267
66,0.62500936,0.5919378686667988
67,0.6123914,0.5922275747944937
68,0.5954054,0.6111741737571991
69,0.5987945,0.6098766651316742
70,0.59959716,0.6055610881142136
71,0.62198454,0.5937572431119967
72,0.619217,0.5891544410627308
73,0.6151336,0.5903805338119305
74,0.60271204,0.6017439484072838
75,0.5990418,0.5967113727343191
76,0.6011399,0.6256813961691773
77,0.6142114,0.6077245317555532
78,0.6073528,0.6169013227338606
79,0.6419106,0.6187763087324368
80,0.61795926,0.6232012896481743
81,0.6308453,0.6269073184686972
82,0.6321145,0.6217773087622603
83,0.63669384,0.6037501725382827
84,0.64030844,0.5896113572697735
85,0.63358456,0.5945143142785755
86,0.61299765,0.5929683675365712
87,0.5984869,0.5866987088549721
88,0.6053584,0.5928999202715995
89,0.6027212,0.5729875123985834
90,0.59555775,0.5894126191396952
91,0.6035848,0.604236856540857
92,0.5802713,0.5963453966251672
93,0.6013474,0.5930090402341678
94,0.61710125,0.5929918278615328
95,0.6063187,0.599379682436718
96,0.6037223,0.6404331143181489
97,0.6043101,0.6438340431420054
98,0.61164445,0.6332023006775481
99,0.65883636,0.6076096155382821
100,0.6579616,0.5928657312449598
101,0.6451267,0.5877871696887434
102,0.61658615,0.5865628618509596
103,0.6021469,0.5832198926334679
104,0.59739673,0.5687147626150783
105,0.5959461,0.5322647562502059
106,0.5919984,0.5194597143303371
107,0.5758676,0.5211552189494225
108,0.53636336,0.5104087166543554
109,0.5256515,0.5162039695701559
110,0.5289751,0.5028455706262284
111,0.51693654,0.48378227495533777
112,0.5249827,0.4683569331847355
113,0.51065856,0.4602254065671616
114,0.49128178,0.4604825492369342
115,0.47690117,0.4377880560864388
116,0.46999684,0.4221716501674332
117,0.47164366,0.4028287013702002
118,0.44753787,0.4363099254206769
119,0.432712,0.3763347073347941
120,0.41300946,0.3675153435192088
121,0.4524087,0.34773949491944545
122,0.38357314,0.33759825642708796
123,0.37856016,0.3355911519918472
124,0.35920414,0.3366977002377082
125,0.34903494,0.330907150628138
126,0.3484256,0.3285084252957323
127,0.35074565,0.3273460034232324
128,0.34514502,0.3439114271504915
129,0.34378612,0.3727811698265818
130,0.3438318,0.37963911351882673
131,0.3635995,0.36652471069162584
132,0.39620695,0.37450634775320346
133,0.40245044,0.3609022185637031
134,0.3866966,0.3672182987077237
135,0.39703283,0.39294666960595526
136,0.38092753,0.4050794443206468
137,0.38815704,0.40899182467820683
138,0.417012,0.40371029276544257
139,0.42820472,0.41791060410699543
140,0.43101093,0.41384789483831474
141,0.42486903,0.41093352751281886
142,0.44031787,0.4207110001937987
143,0.43466684,0.42377558990911257
144,0.4305242,0.4228323320954548
145,0.44108152,0.42997254487512804
146,0.44325718,0.4682942665038109
147,0.4412282,0.4681133994452582
148,0.44879368,0.5007199055866871
149,0.4905686,0.5075209745803274
150,0.48724008,0.5125984637492487
151,0.5228405,0.5235794910821876
152,0.5280428,0.5123639477300501
153,0.5316448,0.5194746979898826
154,0.54305214,0.5169958723490916
155,0.5280895,0.5231201224011937
156,0.53595334,0.49698730146838566
157,0.5319143,0.4935823864360992
158,0.5380445,0.4825036734529299
159,0.5075582,0.487222297630979
160,0.50542605,0.5149716405632034
161,0.49362022,0.5390490286942647
162,0.49929538,0.5662082832259775
163,0.53036934,0.5800535316950844
164,0.55549884,0.5505305008537765
165,0.5845538,0.5728474381765066
166,0.59800947,0.5779476546845063
167,0.56182575,0.5971635459662871
168,0.5899542,0.5799284877966627
169,0.59329635,0.5682911800698797
170,0.6136649,0.5508373834899355
171,0.5910275,0.5197061372718891
172,0.57893664,0.5204494569075121
173,0.56005675,0.5140412605473832
174,0.526071,0.5057361292802598
175,0.52950424,0.5379553412503758
176,0.5223137,0.5426826839685431
177,0.5134602,0.5355413254989102
178,0.55118114,0.5097322044056642
179,0.55451113,0.4986934521794325
180,0.54614323,0.5241460139013552
181,0.5184387,0.5977954309027697
182,0.5087068,0.5828502951255586
183,0.538775,0.570244066713559
184,0.62150985,0.5888240164504389
185,0.59637916,0.5982040026485765
186,0.58316994,0.5822519653004691
187,0.606582,0.584448569690403
188,0.6148965,0.5938964963940193
189,0.59432364,0.5918878279452934
190,0.5981258,0.5830535486239036
191,0.6083798,0.6034747446756298
192,0.60435075,0.6077577621439932
193,0.5940035,0.6066784256285841
194,0.618357,0.6006850384052996
195,0.62081903,0.5943172931897184
196,0.6187324,0.5454744023341386
197,0.6118273,0.5673858765937213
198,0.6048522,0.5461183605285992
199,0.54953593,0.5282132783189578
200,0.5787537,0.533690842055455
201,0.55250585,0.5405173767773669
202,0.5336513,0.5294645156927428
203,0.5422128,0.5104997345944771
204,0.5498889,0.49715152325817746
205,0.5372595,0.4934426765292449
206,0.5176897,0.4847362311124821
207,0.50531524,0.4777012065276496
208,0.50301653,0.4716238235932062
209,0.49418673,0.4703943672760329
210,0.48761323,0.462275391025583
211,0.48228368,0.4529827544960856
212,0.48218396,0.4567620926521453
213,0.47413802,0.4397693038594588
214,0.4651936,0.4462132030816599
215,0.47086933,0.438674758653808
216,0.45264742,0.4181039523284623
217,0.46121624,0.4321368595855827
218,0.45352557,0.4287594575587532
219,0.43160203,0.4625313944353283
220,0.4489282,0.47696252778017967
221,0.4451793,0.5805539659177675
222,0.48240823,0.5753897637755391
223,0.49714422,0.5753999338519699
224,0.6119496,0.5619946335602063
225,0.59066236,0.5249916937436306
226,0.5899794,0.5046097129596041
227,0.57207733,0.5010998872619558
228,0.53200877,0.5066895426022816
229,0.51662934,0.5217760016742622
230,0.5136808,0.5310871689247031
231,0.5193671,0.5283996123167154
232,0.53553116,0.5267007138380418
233,0.54491323,0.5154939061014592
234,0.5412562,0.5138020637271801
235,0.5398387,0.5165387678680351
236,0.52738273,0.5334982083787887
237,0.5262144,0.5373764533044783
238,0.52935976,0.5380972578987614
239,0.5480842,0.5357902603044665
240,0.5509295,0.5315301605754084
241,0.551258,0.5117620571473573
242,0.54877174,0.5011133205722139
243,0.544131,0.5008848787184139
244,0.5220916,0.4964966464792905
245,0.51181096,0.4874779170929099
246,0.51268256,0.4752627467254138
247,0.5077978,0.47067626588315636
248,0.49822778,0.44236983648232886
249,0.4858244,0.43772504677517976
250,0.48219472,0.43542608175056596
251,0.45192245,0.42175384206569644
252,0.44910595,0.4229542360207684
253,0.44789085,0.42336448134588256
254,0.43335047,0.4182763522881139
255,0.43616182,0.3990754772428309
256,0.43758574,0.36769146342691506
257,0.4325743,0.3650253052897554
258,0.41216215,0.37755538050440685
259,0.37832314,0.3470662987374241
260,0.37846556,0.34902519339204974
261,0.39416268,0.34937178424683113
262,0.35847345,0.3468871662082108
263,0.36316368,0.33945104089893685
264,0.3654916,0.3524079737128254
265,0.36274114,0.3629868572870082
266,0.35520762,0.369254936222146
267,0.37122458,0.3638288194202679
268,0.38354912,0.3546711880317224
269,0.39002505,0.36112945707310073
270,0.38349488,0.3557394170628826
271,0.37325805,0.3722050348477215
272,0.3815374,0.36339741708837137
273,0.37502608,0.3697224516190648
274,0.3939572,0.37871697056625686
275,0.38301304,0.3944174483366987
276,0.39017585,0.3820067168785861
277,0.40069616,0.40586136056459754
278,0.41673484,0.39434012222287707
279,0.40204787,0.3922198638039387
280,0.42814493,0.3930968536849998
281,0.41471788,0.39788987254164665
282,0.41166365,0.3854452537730024
283,0.41307333,0.3882380346116673
284,0.41759375,0.3800547311578
285,0.40303573,0.3972005313923822
286,0.4067438,0.39187152674395087
287,0.39742962,0.3850528135612872
288,0.41648564,0.40871408587860836
289,0.41015497,0.4234977637862335
290,0.40223065,0.41945399936585026
291,0.428893,0.4135288801381162
292,0.44392276,0.4348918493090381
293,0.43784788,0.4197730853570629
294,0.43155006,0.436667150833271
295,0.4554598,0.45338234244405407
296,0.43736038,0.4524828156977806
297,0.4558415,0.44056418357828864
298,0.4738135,0.4425196598931005
299,0.47069743,0.42316233725861807
300,0.4571968,0.39639324592029523
301,0.46007153,0.403335728291485
302,0.43857554,0.4151608745877142
303,0.40891835,0.4218679580802446
304,0.41932225,0.41965488063330647
305,0.4319814,0.4356722578521882
306,0.43811744,0.4444286891349013
307,0.43556485,0.44666096883798545
308,0.45370284,0.43059799724391734
309,0.4628982,0.42294268308318594
310,0.46450397,0.4206345645378604
311,0.44666693,0.4218812584052356
312,0.43918684,0.4137513365391603
313,0.4373342,0.4054472517163976
314,0.4385461,0.40239624284100795
315,0.4295073,0.39598258397050723
316,0.42100134,0.39942544520520795
317,0.4185804,0.4073354138093007
318,0.41201445,0.40906040676346933
319,0.41632944,0.40154052259208906
320,0.42510465,0.424750314303345
321,0.42664954,0.43799151232802647
322,0.41854778,0.42161212178892493
323,0.44454405,0.41340377508625026
324,0.45818657,0.41885308864008397
325,0.4386556,0.4035817967963595
326,0.43072185,0.42269995757110523
327,0.43760774,0.4127285129105823
328,0.42030755,0.4172020527948618
329,0.44159868,0.42090974716780016
330,0.43008882,0.4182560973202405
331,0.43480563,0.4149422300016581
332,0.43930563,0.4179387507657367
333,0.4359083,0.4212398201883071
334,0.4324514,0.4146634136419338
335,0.43596858,0.4038107995492133
336,0.43935224,0.39395484824883475
337,0.4317619,0.3934214691462755
338,0.42025185,0.42709352119244903
339,0.40990946,0.4474336982548035
340,0.4102531,0.44137339011562005
341,0.44712797,0.43605988979547117
342,0.46771893,0.4321798103867943
343,0.45913503,0.42941498352937235
344,0.45390132,0.44691896269248943
345,0.45030048,0.47854935722687386
346,0.44719788,0.4753869612283732
347,0.46627286,0.4719952311520912
348,0.50010705,0.4645922519514829
349,0.49360734,0.47132857830104224
350,0.48942006,0.4812294398096625
351,0.4815679,0.47005085496689103
352,0.48911175,0.45830803640578666
353,0.49927625,0.4529996679341186
354,0.4852638,0.4320610813096024
355,0.47257766,0.4130889021394991
356,0.46761867,0.4135927049886866
357,0.44482103,0.41424433399308813
358,0.42512363,0.37652302783306146
359,0.4273739,0.36584341951318167
360,0.4282939,0.36893988827695257
361,0.38540575,0.3654254563014365
362,0.37704277,0.36578344515763905
363,0.3826191,0.373115423378787
364,0.37870088,0.3789979712480174
365,0.37985364,0.37135844463872014
366,0.3894147,0.37134704692580145
367,0.39661363,0.3671882406022723
368,0.3878702,0.36378576210511915
369,0.3888519,0.36101733137344905
370,0.3848102,0.35434037375388294
371,0.38126588,0.37547725797215714
372,0.3787054,0.37235180611778185
373,0.37148032,0.36540615953288547
374,0.3967268,0.36284926984630594
375,0.39229086,0.3463134450793457
376,0.38377506,0.34060337185313994
377,0.38191587,0.35064237312760227
378,0.3631317,0.34555004170614934
379,0.3575699,0.34744092986948927
380,0.3698083,0.3349459330832272
381,0.36331382,0.3576548707609888
382,0.36544445,0.3714466098392011
383,0.35161224,0.38112275271361484
384,0.3783451,0.4052963065834727
385,0.39343765,0.4074776466106753
386,0.40240118,0.39750309579197163
387,0.42832005,0.3908172434075884
388,0.42936134,0.38952032882874765
389,0.417543,0.375529056289289
390,0.41065645,0.3728133780080929
391,0.40927327,0.38501183807970296
392,0.39250693,0.40027143207736104
393,0.38991407,0.39168368874843507
394,0.404474,0.3788462605635745
395,0.42013213,0.36708271600957265
396,0.40978476,0.36882128294329797
397,0.39568362,0.3558687454935541
398,0.3833541,0.3562512630143859
399,0.38621095,0.3366611292555335
400,0.3711866,0.3336293892410219
401,0.3721209,0.3418157832797768
402,0.35034886,0.3450252622960871
403,0.34805885,0.3463934239003462
404,0.3586325,0.3472470233275451
405,0.36203578,0.3344842312216306
406,0.36360303,0.328042087457983
407,0.3650315,0.31653076147413317
408,0.3507089,0.3073721881673429
409,0.3443601,0.3152330980069352
410,0.33223435,0.38377230526323836
411,0.32199025,0.3191699805361131
412,0.33154583,0.3110528272487574
413,0.4083742,0.3574276714674762
414,0.33242318,0.3404106684712882
415,0.32449695,0.33679629895760665
416,0.38242003,0.3476134801834806
417,0.35938042,0.36399851583891196
418,0.35443205,0.3588065991376359
419,0.36847422,0.345707898930685
420,0.38652864,0.34205573260254096
421,0.37895173,0.3332846660871349
422,0.36354032,0.3342581407913737
423,0.36039156,0.3143652005000517
424,0.3506982,0.31054450043829274
425,0.35197058,0.30408722067791316
426,0.32957843,0.30123535693704073
427,0.32547373,0.31721026129739327
428,0.31916693,0.32096733665775046
429,0.3157919,0.303064370166398
430,0.33476916,0.28694703631830576
431,0.3392515,0.2934895589634944
432,0.31833437,0.29813327031777814
433,0.30050847,0.258472271778148
434,0.3089167,0.22720292715143642
435,0.31479415,0.23378498204822185
436,0.26904878,0.21486062639881398
437,0.23404801,0.20481089165224275
438,0.24292287,0.1962438401294021
439,0.22319019,0.2059784961116411
440,0.21187586,0.21632683378937834
441,0.20497394,0.247595450890296
442,0.2174801,0.23757478079061634
443,0.23017552,0.23389506487291112
444,0.26553112,0.22371088009521012
445,0.25362843,0.23962249180610895
446,0.24768215,0.2311243371529551
447,0.2379862,0.2462132128864577
448,0.25560755,0.24709932381531696
449,0.2464931,0.3018804741482545
450,0.26247612,0.30262201960593604
451,0.26447108,0.2951015672458147
452,0.32783213,0.3063001516076469
453,0.3279303,0.30947406952235823
454,0.3162816,0.2990055516440878
455,0.33004373,0.29347396605528553
456,0.33365428,0.28380104068073664
457,0.3195025,0.27124971381207297
458,0.31234226,0.28485605525712954
459,0.30099913,0.30106069806196645
460,0.286088,0.29113107990343057
461,0.30132765,0.29778118241193163
462,0.32075986,0.30847459136526656
463,0.30813187,0.3254477582091828
464,0.3152022,0.3415025434809129
465,0.32867023,0.3720059638116828
466,0.34723547,0.37214416405849515
467,0.36442474,0.3983721426345095
468,0.39641675,0.3860635063596275
469,0.3949209,0.3996648675446255
470,0.42223486,0.4191374522040102
471,0.40757996,0.4386742084698938
472,0.42137071,0.4223262285677004
473,0.44213626,0.46965997928928527
474,0.46116248,0.43683509957745437
475,0.44088873,0.4046192127759187
476,0.49356577,0.38116821046886407
477,0.45383754,0.40573069347302215
478,0.4185155,0.4058257812052165
479,0.39474648,0.4145691001760955
480,0.42326897,0.3245781204854693
481,0.42168722,0.313150632869973
482,0.42996404,0.3058316381451429
483,0.3334363,0.3112010485612944
484,0.32162872,0.34297944088971954
485,0.31562525,0.36075329035184955
486,0.32020518,0.3692182818625038
487,0.35726145,0.3594805648818563
488,0.37695226,0.3503138343792692
489,0.38611627,0.34200943347561463
490,0.37603742,0.3637860781186989
491,0.36672193,0.3423715980936295
492,0.3585129,0.3325812590263699
493,0.3843567,0.3389320677336616
494,0.35869387,0.3596440540684387
495,0.34831312,0.37152079741497746
496,0.35743722,0.4075941319399916
497,0.38118228,0.38537096197683796
498,0.39343563,0.38729217636607494
499,0.43174985,0.38286444314863954
500,0.40596765,0.363950216174281
501,0.40821096,0.3528048541899136
502,0.40406582,0.37822683395269996
503,0.38097626,0.3613829548454336
504,0.36909986,0.36846266164324815
505,0.39915678,0.3746453720763476
506,0.37811813,0.3757293869323761
507,0.3864012,0.36587290049112864
508,0.3944899,0.3655208453596819
509,0.3948662,0.37860172167868256
510,0.38332084,0.456369401938016
511,0.38351104,0.4536269839717134
512,0.39880422,0.4523377120461889
513,0.48313394,0.48306213654560193
514,0.47521707,0.512753306756456
515,0.47202295,0.580185627100788
516,0.507477,0.6358314847433312
517,0.5380308,0.6545612835764026
518,0.6108717,0.663714252216686
519,0.65683174,0.6434745159956422
520,0.66015404,0.6232285616783019
521,0.66492444,0.6506571131886655
522,0.6396821,0.7056294037267284
523,0.62808686,0.6665676666594479
524,0.667777,0.6801307397350319
525,0.72794324,0.6409308308309632
526,0.67226493,0.637149488869771
527,0.69368094,0.6107769249469764
528,0.64474,0.6286801352665342
529,0.64481056,0.6010023171837985
530,0.6140509,0.6066652464174161
531,0.6371781,0.5910649313592736
532,0.60301626,0.5617234731641402
533,0.6127023,0.5539886934072368
534,0.5947155,0.5549180153003074
535,0.5632362,0.546530399914091
536,0.5580025,0.559454419776093
537,0.5602125,0.5598204824256588
538,0.55096906,0.5406540915336032
539,0.5671333,0.5389473219627031
540,0.5674688,0.5598702974422388
541,0.5465351,0.576482677027193
542,0.5475648,0.5657668876650829
543,0.57266974,0.5568480141024629
544,0.59033424,0.5546196406846212
545,0.5766806,0.5783235016299272
546,0.56805366,0.5788158467274059
547,0.56688935,0.589838276414795
548,0.59445643,0.5867172227193701
549,0.59250766,0.5842397528527964
550,0.60496455,0.5843735131234479
551,0.60022265,0.580900828179321
552,0.5974346,0.5540032820490107
553,0.59768164,0.6117084624130281
554,0.59324884,0.5961603689317642
555,0.5624133,0.6156069215191214
556,0.63129663,0.6287141754930442
557,0.6069067,0.6825548816605852
558,0.63089687,0.6873425426160217
559,0.64447856,0.6991646950377141
560,0.70629424,0.6765178943231477
561,0.7045594,0.6665652163145751
562,0.71757394,0.6708998913295768
563,0.6877515,0.6766428691647391
564,0.6780312,0.6537489629736294
565,0.68321925,0.6330003432063765
566,0.6883735,0.6168662576390863
567,0.66005576,0.6333862473939785
568,0.638694,0.6287981428893675
569,0.62234175,0.6167334953853533
570,0.64306265,0.6417911755391071
571,0.63566965,0.6338238400291613
572,0.6225223,0.626232731682579
573,0.65357083,0.6471359007432859
574,0.6416405,0.6431269580230073
575,0.634174,0.6392253438182568
576,0.6599291,0.645967216851905
577,0.6528104,0.637591319184411
578,0.64894974,0.6604303417005523
579,0.65755004,0.6386976820811402
580,0.6469247,0.6311607233560629
581,0.6748174,0.6424768789353524
582,0.64640033,0.646688399486531
583,0.64047325,0.6548993753538382
584,0.6545921,0.62862582627929
585,0.6579223,0.6271215663097537
586,0.66704684,0.6470190563282584
587,0.6353697,0.6439691223181249
588,0.63695234,0.6451437563766812
589,0.66024643,0.6356940058373485
590,0.6539894,0.634317539718399
591,0.6558929,0.6424456776783881
592,0.64484555,0.6367244053721596
593,0.6444151,0.6610409553650459
594,0.6540136,0.728029490751655
595,0.6462269,0.7591045211727697
596,0.6755192,0.768707589498623
597,0.75242287,0.7398452779898904
598,0.7804794,0.6913420732166508
599,0.7875368,0.6596153032298967
600,0.74976605,0.6447880660712327
601,0.69771755,0.6168626417539415
602,0.6649606,0.6039684934810509
603,0.64935994,0.6149741452898093
604,0.618169,0.6038279194140318
605,0.6062064,0.5981815304588661
606,0.62031645,0.588412836808952
607,0.60674936,0.5861522844588819
608,0.6024581,0.5725934674390781
609,0.59297055,0.559835238893737
610,0.5922002,0.5602722635562473
611,0.57768565,0.5574527798832963
612,0.56514084,0.5549287512899678
613,0.56755286,0.5963175470456302
614,0.5648846,0.5903150349104135
615,0.5628965,0.5814156981638702
616,0.6116597,0.5471586275062775
617,0.6012821,0.5554477657760489
618,0.5922098,0.554962064412874
619,0.5548477,0.5578684524080258
620,0.5677503,0.5516715114312903
621,0.56662065,0.5516642093018399
622,0.56958616,0.5484145686542431
623,0.5626028,0.5440230663943778
624,0.5634667,0.5560532165818465
625,0.5601407,0.5492511095636748
626,0.5555801,0.5832845776718988
627,0.569951,0.5552170817994101
628,0.5611129,0.5335597461749583
629,0.60089606,0.6199353557091764
630,0.56521195,0.6356253864695917
631,0.542911,0.6182239754023283
632,0.64535004,0.6132445723953622
633,0.6543027,0.6829493915274757
634,0.63093156,0.6855507356782292
635,0.62752974,0.6729623875636962
636,0.7099927,0.6560433740465287
637,0.7029287,0.6305319413908416
638,0.68679434,0.626335294670069
639,0.6675158,0.6486298773824336
640,0.63874096,0.6460694621023862
641,0.63598603,0.6415932682034823
642,0.6615916,0.665288654778991
643,0.6552709,0.6627037061317488
644,0.65047044,0.7028585389917156
645,0.6790557,0.70105356682313
646,0.67297,0.6976154913412121
647,0.72107196,0.6790270487097324
648,0.7131457,0.6503154609613605
649,0.7093174,0.6569584746307774
650,0.6872032,0.6439807338380635
651,0.6555281,0.6607142290967526
652,0.66642874,0.6330822192649025
653,0.6499011,0.6211178728289976
654,0.6709821,0.6263902161190859
655,0.6368163,0.6024519389504167
656,0.62687314,0.6135825486633134
657,0.6346954,0.6355127265671129
658,0.60656285,0.6210927589229082
659,0.6223787,0.6027996447346188
660,0.64703315,0.5907789610172028
661,0.6280194,0.5824271412188887
662,0.60929245,0.5737952816848423
663,0.59806967,0.6162270531683259
664,0.5899529,0.6097984240981064
665,0.5810301,0.612988026846557
666,0.6309959,0.6385753676216387
667,0.6193731,0.6384839617964705
668,0.62444836,0.6386276030796182
669,0.65486795,0.6372951701284809
670,0.65184826,0.6347650729421069
671,0.6520847,0.6210459261109119
672,0.650382,0.6449944619306692
673,0.6471719,0.6421950373236175
674,0.6310225,0.6461078709306786
675,0.6602542,0.6494263797374477
676,0.6536643,0.6388558825230944
677,0.65844893,0.6348675050683551
678,0.661821,0.6069216186372702
679,0.6488084,0.5851421921559224
680,0.645266,0.5694602721130014
681,0.61302394,0.5640727923310697
682,0.5909563,0.5609381408679094
683,0.5751991,0.5744453000531479
684,0.5703606,0.5849091609063864
685,0.5672963,0.5717635731642142
686,0.5832707,0.5496949987707204
687,0.59462506,0.5607930612218542
688,0.57926273,0.5256991557221223
689,0.55632645,0.5207906076446804
690,0.5717343,0.5417652561315048
691,0.53124696,0.5286184196790599
692,0.5289737,0.5016049662947488
693,0.55416983,0.49656999756107
694,0.5375929,0.5143609391574575
695,0.508896,0.4941272313371291
696,0.50670063,0.5069089877932396
697,0.52791196,0.4749837304108354
698,0.50405335,0.47101456762549054
699,0.52039194,0.4612117280989213
700,0.48484448,0.45727047620947214
701,0.4829392,0.45052361433712973
702,0.47361472,0.4597734663501799
703,0.46992388,0.4514612730808252
704,0.46342382,0.45580102506085585
705,0.47454968,0.45071570223831625
706,0.4654676,0.44572732748891797
707,0.4711486,0.4404050543739314
708,0.46612138,0.43887592098956674
709,0.46114758,0.4394438610853446
710,0.4561365,0.43269748908029093
711,0.4550496,0.43048487715826245
712,0.45602015,0.5025177178343647
713,0.44873297,0.4483897563335978
714,0.44691646,0.44313826230586517
715,0.5277032,0.44709049459515515
716,0.46192405,0.4479974695762384
717,0.45899206,0.5029934766334643
718,0.4657624,0.5199622625283777
719,0.46536487,0.5429906619273407
720,0.5264706,0.5293583404958024
721,0.54150337,0.5123347689793494
722,0.56526774,0.5349104579017839
723,0.547326,0.5388841038537234
724,0.52797234,0.5395644949824748
725,0.5546461,0.5360619013061443
726,0.5561333,0.5453096435237897
727,0.5549914,0.5494553299348378
728,0.55039114,0.5614006975758165
729,0.56068504,0.574789053423817
730,0.5640778,0.5659278228815298
731,0.57674545,0.5861665630987002
732,0.5905989,0.6026483534921244
733,0.5783303,0.5988262462937085
734,0.60209894,0.5971174066707897
735,0.61875004,0.6022599465344477
736,0.6116299,0.6115377031646728
737,0.6097203,0.6048788268794599
738,0.6154826,0.5960593072827877
739,0.62513036,0.5880378658851636
740,0.61582226,0.5924006734330386
741,0.606016,0.5789110182992648
742,0.597514,0.5853399095554798
743,0.6031013,0.5781493230528129
744,0.5868902,0.5746350601993265
745,0.59556633,0.5780808785172996
746,0.58678526,0.5761476648893625
747,0.58348554,0.5697436635631449
748,0.58808184,0.6178505736625651
749,0.585646,0.6168093166211038
750,0.5786964,0.5989671611731372
751,0.6352398,0.5904808785249368
752,0.62903833,0.6157029269782467
753,0.6085302,0.6151312432230366
754,0.60116756,0.5936029025831367
755,0.63119274,0.6359477230515057
756,0.6272953,0.6237466837834792
757,0.60212475,0.6161012937960623
758,0.6539268,0.6176518341844236
759,0.6345439,0.6383039863394789
760,0.62689686,0.6220026791499466
761,0.6296944,0.6195565715192118
762,0.6532734,0.6109453674721436
763,0.6313876,0.5867228613807908
764,0.63035315,0.5658239157111798
765,0.62053,0.5448893270501697
766,0.5932607,0.5506916203855546
767,0.57186586,0.5315196918354094
768,0.5501453,0.5578370798633104
769,0.55845886,0.517759187523977
770,0.5363841,0.5326187001493762
771,0.5681557,0.5097771474823314
772,0.5214626,0.49487093968311424
773,0.54227525,0.5174244940974251
774,0.5169761,0.5123216605232044
775,0.5023007,0.516233584953045
776,0.5300943,0.51101932894841
777,0.5231476,0.4881490415947357
778,0.52833277,0.45114058389774037
779,0.5233032,0.4469453473802739
780,0.49856612,0.4279572323531313
781,0.46007884,0.4020758703505891
782,0.45877573,0.413390015003285
783,0.438948,0.40522119030951964
784,0.41049424,0.4110378106054673
785,0.42677984,0.4508822955948253
786,0.4183138,0.48971175702629455
787,0.42542645,0.5051846105479385
788,0.47021803,0.5312205434788089
789,0.5120048,0.5381427261524757
790,0.5268324,0.5859503514031058
791,0.55540675,0.6159104215248826
792,0.5609916,0.5818502539852176
793,0.61468714,0.5224709538682513
794,0.64313847,0.539431700230309
795,0.59016186,0.5819969252313676
796,0.5278315,0.5989084024234798
797,0.5545133,0.6093779749387346
798,0.6017718,0.6392943752693031
799,0.6147335,0.6246602242375842
800,0.62456185,0.660107862386134
801,0.6584208,0.6791001083571119
802,0.6372393,0.6722015651821213
803,0.68019503,0.6317047795386045
804,0.6974229,0.6727264487461214
805,0.68540114,0.7027302247767765
806,0.6376737,0.7049190510614788
807,0.69008327,0.6594673732560993
808,0.7194377,0.6090719978090405
809,0.71718323,0.6111571486832917
810,0.66293484,0.6043804108395697
811,0.6142822,0.5950751800193986
812,0.6174192,0.6912596583342404
813,0.60945576,0.7026376253692775
814,0.59850043,0.6704879291524034
815,0.7121634,0.6599444550104595
816,0.71448857,0.6403681452056357
817,0.67642826,0.6350174739869027
818,0.66912884,0.6139244923510717
819,0.6474392,0.5897020504732698
820,0.64316756,0.5843376250092688
821,0.61898077,0.5630439597904388
822,0.5934718,0.5461780864326359
823,0.59009546,0.5535348582380012
824,0.5666132,0.5006422624734361
825,0.5499718,0.48522571526192915
826,0.5604326,0.5009177037850607
827,0.5011078,0.5073137738329226
828,0.4890192,0.5060970657277392
829,0.5091809,0.48125833266358353
830,0.515691,0.47886072600742857
831,0.5147947,0.5162047119545106
832,0.48875317,0.5027107927193986
833,0.4893921,0.5285846053569884
834,0.53290874,0.49462169545508483
835,0.5152858,0.4849046018743206
836,0.5459977,0.4898905742730243
837,0.506644,0.5459564613996751
838,0.49837008,0.5562932080892015
839,0.50582796,0.5458977011021152
840,0.56874174,0.5349555011977062
841,0.57559425,0.5476699233884851
842,0.5618902,0.5285534320867779
843,0.55057186,0.5263257081183514
844,0.56578946,0.533913590363091
845,0.54199153,0.5646277191688079
846,0.5402343,0.5630444875141408
847,0.5489236,0.5567903883487862
848,0.58281136,0.5518988316592647
849,0.57759994,0.5537130605415249
850,0.5700547,0.5495259378060352
851,0.5650426,0.5495089245321753
852,0.56717795,0.5402888143756565
853,0.56172353,0.5011847513591389
854,0.5616395,0.5057858616905955
855,0.55092853,0.4996642527330659
856,0.5074905,0.4887103992838985
857,0.516153,0.5050663527885969
858,0.50951153,0.5442616182043042
859,0.49747548,0.5794185771554937
860,0.5173451,0.5702721149908206
861,0.56123275,0.5700837891856033
862,0.59868675,0.5977272553280645
863,0.5847116,0.5889506430061026
864,0.5854582,0.6727373136415572
865,0.6176202,0.7137077557638888
866,0.60341954,0.7784553409935578
867,0.70239466,0.7762156823006542
868,0.7392681,0.7635833626083105
869,0.80474526,0.7443701174763983
870,0.78017795,0.6917866663806563
871,0.76537365,0.6653261353056198
872,0.74879485,0.6379699644874007
873,0.6958026,0.5993923495958414
874,0.66972095,0.556778231988326
875,0.63926214,0.5770150112995055
876,0.5983965,0.5769208714888082
877,0.5557,0.5736036433965125
878,0.58004284,0.5876302624075161
879,0.5784017,0.5848943185239329
880,0.57493764,0.5700407525119416
881,0.592917,0.5605139141595624
882,0.58983284,0.5680546366907829
883,0.57441384,0.5899880518823474
884,0.5662839,0.5797915222495403
885,0.57668465,0.58763754566245
886,0.60178125,0.5888251469882525
887,0.588454,0.5701994824426161
888,0.599428,0.5613206330325674
889,0.60089654,0.5463563721082288
890,0.57963353,0.5395731103758267
891,0.57174,0.5617271638305382
892,0.5557447,0.5344531625296977
893,0.54939944,0.5759770022300063
894,0.5754581,0.5797185352005111
895,0.5424117,0.5290630791896817
896,0.59268564,0.5602214906196209
897,0.59381753,0.5392474382683062
898,0.5348688,0.535634093580808
899,0.5758181,0.5394528567573383
900,0.54946846,0.5218877863629493
901,0.54637307,0.5070569864007758
902,0.5517588,0.45915361345163286
903,0.5313738,0.4941942311343168
904,0.51646096,0.493291022973513
905,0.46580297,0.4808641038061866
906,0.50763077,0.4704283853952159
907,0.50522554,0.46238478476848677
908,0.49070695,0.49223887872514416
909,0.48148763,0.5551500790033198
910,0.47422668,0.5839282985304642
911,0.5086671,0.6238110810147878
912,0.57867503,0.6719507946833193
913,0.6064299,0.666820704551022
914,0.64791566,0.6471687187392045
915,0.6942107,0.6277665177149597
916,0.67257035,0.5616201892069742
917,0.64871234,0.4998330234620607
918,0.63707596,0.4606616837106692
919,0.56788856,0.48987965370151354
920,0.5086129,0.4701926726720983
921,0.464658,0.5055762651339497
922,0.49629036,0.5082142370997066
923,0.47174087,0.4988185388596116
924,0.5118654,0.5001386546242066
925,0.5147176,0.4910800522168344
926,0.5051001,0.4899145790503059
927,0.50955254,0.48216193016543984
928,0.50072956,0.4781177203628212
929,0.5008954,0.49165841702238855
930,0.49325058,0.489139140194637
931,0.48988277,0.5512784930746714
932,0.50613725,0.5477076949629734
933,0.5029368,0.48977332668369244
934,0.5741878,0.4634508053692995
935,0.5653268,0.5091642192591384
936,0.50012434,0.5921301251235812
937,0.47704563,0.5991683036196896
938,0.52880615,0.6077741137913745
939,0.62000024,0.5995437382657275
940,0.6184698,0.6021635668989461
941,0.6272801,0.5275548202546084
942,0.6161636,0.47703493346471226
943,0.6188944,0.4367242598749512
944,0.5342051,0.4005133543208228
945,0.48874524,0.3967608831691878
946,0.44171444,0.4010324399726213
947,0.40093386,0.4007625989829333
948,0.39848378,0.40426665059205225
949,0.40583503,0.40171378422714565
950,0.40612802,0.3937831133059355
951,0.411733,0.38811223462071553
952,0.41118035,0.3916550324570748
953,0.4046972,0.38446261675866944
954,0.40038618,0.3804905102795151
955,0.4063833,0.3863837012804624
956,0.3988915,0.37940136666189417
957,0.39554104,0.36281989844858475
958,0.40397778,0.3737367118604522
959,0.39634258,0.37373749198486117
960,0.3781229,0.39745496684806947
961,0.39289036,0.40984807369821175
962,0.39322308,0.4184531178303461
963,0.419439,0.423693570078192
964,0.4323201,0.4240687893411037
965,0.44058728,0.42797316086645276
966,0.44593236,0.41658180024103497
967,0.44566634,0.4207958969690182
968,0.4493899,0.4147241438257543
969,0.43604198,0.4310656915830853
970,0.44055116,0.44106250677538617
971,0.43344346,0.44052618304565017
972,0.45089558,0.419095918055453
973,0.46086034,0.4374865588861302
974,0.45887104,0.411373927242661
975,0.4351959,0.4001479729398859
976,0.45653078,0.37988176182324096
977,0.4270313,0.3884228700542206
978,0.41490862,0.3774456461002249
979,0.3931099,0.32827117804256845
980,0.40430957,0.3238937361107156
981,0.39174512,0.3287379181050677
982,0.33721182,0.3124099481388889
983,0.33460364,0.30733227765999016
984,0.3426017,0.3190203776389776
985,0.32334584,0.2932850257901265
986,0.31846812,0.2325452647561005
987,0.3337221,0.22670247508887875
988,0.30489665,0.29940750396868665
989,0.23992297,0.1834314279840008
990,0.23095492,0.1722831171329562
991,0.3190954,0.20048266567603978
992,0.19643998,0.19057049025929362
993,0.19121748,0.20319482533048705
994,0.21342024,0.20250440041888007
995,0.20094419,0.1993323645923416
996,0.21155536,0.19181810830866863
997,0.21229109,0.2020779626162298
998,0.20831975,0.2005841902477895
999,0.20127922,0.2020019488858138
1000,0.21377805,0.22436763975010576
1001,0.21348283,0.20475217368686105
1002,0.21501869,0.20086403829710575
1003,0.2412355,0.1969561754563922
1004,0.21951461,0.18374427649369418
1005,0.2142725,0.1799091682368763
1006,0.21218303,0.16770520464194694
1007,0.19766048,0.1539271719992512
1008,0.19334546,0.15505668597806355
1009,0.18100658,0.18657296305128768
1010,0.16721824,0.1909692045061253
1011,0.16916811,0.2256941037653144
1012,0.20386922,0.23974898826123658
1013,0.20936927,0.26359698051947644
1014,0.24517158,0.29345349475724136
1015,0.26182505,0.2923831185407635
1016,0.28560737,0.2965125219600824
1017,0.31900534,0.28322722117283483
1018,0.31466126,0.27227295833364573
1019,0.315549,0.28431734932891406
1020,0.3007287,0.2687955174727701
1021,0.2891585,0.2667710565981194
1022,0.30339256,0.2605107382860422
1023,0.28532186,0.2784779242986497
1024,0.28177613,0.27765910224124424
1025,0.27566206,0.28008388417623786
1026,0.2956134,0.2816816832747615
1027,0.29528704,0.26957473131272813
1028,0.2966866,0.26436744901215814
1029,0.29893637,0.2799856145294829
1030,0.28479475,0.29349935333697175
1031,0.27849472,0.297492907776726
1032,0.2963611,0.3208191723507223
1033,0.31225458,0.3227844276502556
1034,0.31587914,0.32548039512505433
1035,0.3424838,0.3270763387479666
1036,0.34428316,0.3158615113797577
1037,0.34625694,0.3245509049453513
1038,0.3480542,0.3111471324132722
1039,0.33459774,0.32861457681314643
1040,0.3440414,0.31140664625112324
1041,0.32887805,0.3285532145840734
1042,0.34786347,0.32885853482459726
1043,0.3286316,0.3262250551688932
1044,0.34714743,0.3221040340763751
1045,0.34849215,0.3276899568487439
1046,0.34435865,0.32245608201783194
1047,0.34015647,0.3115089538860163
1048,0.34664777,0.3661067162158126
1049,0.34034517,0.3425766724614885
1050,0.32758126,0.33385339722490204
1051,0.3896179,0.3340671043648342
1052,0.36115316,0.32949304317165284
1053,0.3503641,0.3143547453820691
1054,0.35273406,0.3150016320661755
1055,0.34704915,0.31816674955994806
1056,0.32988873,0.3175866043888691
1057,0.3307789,0.3063044128698985
1058,0.33523938,0.3237469820804534
1059,0.33437228,0.32315484578594333
1060,0.3215541,0.3261786200773601
1061,0.34184185,0.31452857361941156
1062,0.34171313,0.3101602235020876
1063,0.3444647,0.29450990025453305
1064,0.33167818,0.29615589840904566
1065,0.32667413,0.28730506030975445
1066,0.30934227,0.30331820449411406
1067,0.3110824,0.28804985442374254
1068,0.30164003,0.2814568952077202
1069,0.31959775,0.2987537013264935
1070,0.3031789,0.29394480274774304
1071,0.295036,0.2656269874592142
1072,0.31630036,0.2992989374937213
1073,0.31141534,0.32877448121080666
1074,0.2781858,0.3013493982129958
1075,0.31704924,0.31000558917762866
1076,0.35273948,0.3634368412439465
1077,0.31795865,0.35804084667675395
1078,0.32822934,0.3569462558787976
1079,0.39030823,0.39662372491465736
1080,0.3816645,0.41863268644990204
1081,0.37844118,0.3861829354089852
1082,0.42294523,0.3633726406301282
1083,0.4446424,0.39041469945176355
1084,0.40566996,0.37842176577004927
1085,0.3806266,0.3867363936011312
1086,0.41306934,0.364850489845143
1087,0.3975421,0.37673577038653283
1088,0.40569177,0.380893250224731
1089,0.3807624,0.3997265795802626
1090,0.39528188,0.42227916873246196
1091,0.39994997,0.43167739586224607
1092,0.41919634,0.4376430789927306
1093,0.44301656,0.42050747525922405
1094,0.45161387,0.4227311620351767
1095,0.457221,0.4402677541342107
1096,0.43773523,0.4415485078041177
1097,0.44066915,0.4443156597514738
1098,0.45984814,0.43635578106709205
1099,0.4593245,0.44038279820939197
1100,0.46160284,0.49441501882798133
1101,0.45269904,0.5208732504914291
1102,0.457404,0.5946597000329618
1103,0.5175234,0.599541510690277
1104,0.54326004,0.6419330361852268
1105,0.62269396,0.6707625753648988
1106,0.61779034,0.6459042336086968
1107,0.66285557,0.5615725422993009
1108,0.6851128,0.5080434639215394
1109,0.6441923,0.4679131567970636
1110,0.5507278,0.457022957795696
1111,0.51618814,0.45449655089658814
1112,0.47172457,0.4566200067721412
1113,0.45798,0.4806816719146898
1114,0.45587,0.5767715397916436
1115,0.45826456,0.6087926920790566
1116,0.486046,0.6240340476632952
1117,0.59540564,0.6201992534242603
1118,0.6123521,0.5967181722503275
1119,0.6280738,0.5836278084494734
1120,0.6254066,0.5658962306028322
1121,0.59564,0.5624570718534939
1122,0.59412473,0.5532927911593705
1123,0.5754725,0.5606012524145004
1124,0.57251716,0.5635275801270868
1125,0.5620557,0.5472216076733204
1126,0.57123595,0.5024669575385511
1127,0.5742395,0.54613126752805
1128,0.55560356,0.5608266197739545
1129,0.5076133,0.5628365143804276
1130,0.5605818,0.5548473967742412
1131,0.5742615,0.5060779704075898
1132,0.5742851,0.5181028451052219
1133,0.56565994,0.5126566105798993
1134,0.51163614,0.5306844512312169
1135,0.5294476,0.5222600227172987
1136,0.52308613,0.4707674022394597
1137,0.54327315,0.45320085559344336
1138,0.53295195,0.4409494972403941
1139,0.47699672,0.466748120412248
1140,0.4621072,0.4734910831582383
1141,0.45106247,0.4742455281172713
1142,0.47998407,0.4396173292375768
1143,0.4864154,0.4298938192599562
1144,0.4871,0.40777520400914247
1145,0.4501551,0.4282945291194642
1146,0.44271755,0.42677284086014566
1147,0.41965833,0.41982193063615136
1148,0.44409385,0.42775928202283164
1149,0.44213343,0.446258076287224
1150,0.43442407,0.4523007259318924
1151,0.4446791,0.4641353877019182
1152,0.4653428,0.4661309368582732
1153,0.4711203,0.4414581773351707
1154,0.48396164,0.41450904227483887
1155,0.48564017,0.41372615460738515
1156,0.4577559,0.42259826845610815
1157,0.4291325,0.41553720356063206
1158,0.430744,0.39450102865642966
1159,0.44034725,0.39628123869411236
1160,0.4315867,0.3968729156201811
1161,0.4083414,0.4147472438652984
1162,0.41281602,0.421940359105621
1163,0.41409466,0.4332866295689455
1164,0.4332696,0.40803141330432335
1165,0.44052914,0.39933053646091055
1166,0.45243487,0.3951763846120201
1167,0.4244615,0.3975131820036004
1168,0.41606736,0.4304339201202855
1169,0.41265905,0.41985196450507
1170,0.4153609,0.409427742909129
1171,0.45103064,0.4099428533801792
1172,0.43758133,0.4128959659961078
1173,0.42632023,0.4018470223599643
1174,0.42847517,0.40519728317222503
1175,0.4316968,0.395686981862985
1176,0.41922656,0.4155440049511262
1177,0.42326948,0.387250580977043
1178,0.41294226,0.3312052488690056
1179,0.4347792,0.34258491713612604
1180,0.40245888,0.3514188919961255
1181,0.34374884,0.3540077095184371
1182,0.35622683,0.3496617959476709
1183,0.36794627,0.34766847286167346
1184,0.3687547,0.3209420441221966
1185,0.36430207,0.31768385725971415
1186,0.36312035,0.3007913448376809
1187,0.33392614,0.30461419445232907
1188,0.33159053,0.38848313547869795
1189,0.31392026,0.4618500752764657
1190,0.31818676,0.45264113902566905
1191,0.41316232,0.4882885048490112
1192,0.48140213,0.557571445839595
1193,0.4598858,0.5467244717887655
1194,0.50326073,0.5325594186304191
1195,0.5718139,0.5026355214793063
1196,0.5412162,0.44207394602733907
1197,0.52845407,0.4690367249890771
1198,0.50249845,0.4554169025386303
1199,0.45127878,0.41064233261078
1200,0.48427293,0.41811927585969966
1201,0.46778572,0.3976582589345117
1202,0.4167361,0.39199845368266006
1203,0.42943215,0.402715575232781
1204,0.4077341,0.40005319712507803
1205,0.40241596,0.36676319871321494
1206,0.41571537,0.3780425878224306
1207,0.41282597,0.3605320177025165
1208,0.37552953,0.3901382570988303
1209,0.39167157,0.37313936409094306
1210,0.3725289,0.3853564979804366
1211,0.40685275,0.38426976620288067
1212,0.38765404,0.3819451380867247
1213,0.40243313,0.403815389271155
1214,0.40247104,0.4155276095404946
1215,0.3996553,0.40269686327031395
1216,0.42473024,0.4187503152316483
1217,0.43680707,0.41629292159444864
1218,0.42173532,0.43208057662725663
1219,0.4401179,0.44766848794975467
1220,0.4369436,0.44636479715221844
1221,0.45346877,0.49300883903864146
1222,0.46979168,0.4852360840604947
1223,0.46642336,0.4397705057305882
1224,0.5182368,0.42781710650485694
1225,0.50559336,0.43118926716001904
1226,0.45355842,0.38004643437911656
1227,0.4438381,0.3543982583632812
1228,0.4482413,0.3401282810071503
1229,0.3885409,0.32159494160756563
1230,0.3644392,0.32274316555959137
1231,0.35027042,0.31853940237688316
1232,0.33031088,0.2937055302051991
1233,0.3325935,0.2842916249830326
1234,0.32933453,0.28103626755653177
1235,0.30177262,0.28141063087476226
1236,0.29257163,0.28918598612518454
1237,0.2908118,0.2827274591645267
1238,0.29187307,0.28598697593838995
1239,0.3015965,0.31539285398690386
1240,0.29524228,0.3949372349698973
1241,0.2996845,0.42630829161326556
1242,0.3354479,0.42593519515058054
1243,0.42244986,0.5411694121650413
1244,0.4414567,0.5490454877843559
1245,0.43880054,0.537850201945346
1246,0.55443823,0.5357047886545799
1247,0.5309268,0.518656364617266
1248,0.5178105,0.5333372570211204
1249,0.5319841,0.48329629130857676
1250,0.5225846,0.4370280458372554
1251,0.5527819,0.4529426485481036
1252,0.49316117,0.4460958617595959
1253,0.44897348,0.44004292273585033
1254,0.46535835,0.4274734484617042
1255,0.45690835,0.4129859590758582
1256,0.4492121,0.4247875889704189
1257,0.43669963,0.4135822114054758
1258,0.4222891,0.4087384127222974
1259,0.4366724,0.40192736455012257
1260,0.42465404,0.4001906816748285
1261,0.4201994,0.4169808016124362
1262,0.41437015,0.48971875240216634
1263,0.4135174,0.46686831773838167
1264,0.43267843,0.4625282648860831
1265,0.51317567,0.46742667245231007
1266,0.48302466,0.48255660825176616
1267,0.47922966,0.4805506221870126
1268,0.4868223,0.36631213979464483
1269,0.50288945,0.333718964162398
1270,0.4989172,0.33846316746319405
1271,0.3761301,0.3176234883191347
1272,0.34478477,0.36226023363018833
1273,0.34776166,0.322378382512693
1274,0.32253334,0.3134053147592166
1275,0.37426648,0.315597014689428
1276,0.32901534,0.305711526589202
1277,0.32053712,0.2947833542600379
1278,0.3274894,0.28728228092715535
1279,0.31705555,0.2798705003730124
1280,0.30557278,0.2734052519365794
1281,0.29852286,0.27484389465837844
1282,0.2912252,0.26921038477332715
1283,0.28480256,0.26316800180394195
1284,0.28738958,0.26357622488627963
1285,0.28205535,0.2588920698317654
1286,0.27590355,0.26032868646322105
1287,0.27746195,0.23959408760120782
1288,0.27305564,0.245399833853863
1289,0.27504224,0.24917354693135885
1290,0.25262102,0.24470565046115467
1291,0.25897375,0.23673170370492047
1292,0.26487908,0.23078410599731847
1293,0.259122,0.22782333017162182
1294,0.2503578,0.2158283989341272
1295,0.2443453,0.20496113534939142
1296,0.24172965,0.20022769272327923
1297,0.22868925,0.19656814301224657
1298,0.21695718,0.1879251943387945
1299,0.2127809,0.2125325143542115
1300,0.20950484,0.21264649159683535
1301,0.20036218,0.2233397232479304
1302,0.22818986,0.23392350273004703
1303,0.22906688,0.24809187575655667
1304,0.23937765,0.26027809576546146
1305,0.2519072,0.26619762594275576
1306,0.26704735,0.29108713886174853
1307,0.28028092,0.317022116516946
1308,0.28625593,0.3135667437416184
1309,0.3146241,0.3321090176495485
1310,0.34453973,0.33461478876867534
1311,0.33809748,0.3376613919979028
1312,0.35818413,0.3355474935022711
1313,0.36000863,0.3352019910932368
1314,0.36136517,0.3315247808163081
1315,0.35794073,0.32898259944011254
1316,0.35649958,0.34671577968841705
1317,0.35154694,0.3399301039091642
1318,0.34804443,0.35134212409402543
1319,0.36807677,0.3643544916045369
1320,0.35890517,0.3944070547875327
1321,0.37127993,0.4022689795991672
1322,0.38561228,0.4118531501827494
1323,0.41668925,0.40891622418853113
1324,0.42343143,0.4392884723193897
1325,0.43245426,0.47903180634171927
1326,0.42855632,0.4857420084238173
1327,0.46134675,0.5073875524301549
1328,0.5035896,0.49606229845627814
1329,0.50669193,0.4907115075167914
1330,0.5294438,0.49989903107632006
1331,0.5140998,0.4988994413813008
1332,0.5073599,0.5102771280654519
1333,0.5175476,0.5071751095214287
1334,0.5145194,0.5144275638048692
1335,0.5263763,0.5058454756058773
1336,0.5214167,0.5902527479401857
1337,0.5291732,0.6041212315489847
1338,0.5186516,0.5708734961336589
1339,0.61579674,0.5455493111549331
1340,0.62358576,0.512014855683343
1341,0.5812654,0.5365415853217761
1342,0.55535716,0.5355489736528175
1343,0.5194604,0.5242224232830421
1344,0.5492836,0.5548575345091816
1345,0.54566526,0.5549621754660078
1346,0.53216326,0.5858374896414044
1347,0.5687844,0.6017297899369604
1348,0.56661004,0.6165822586038977
1349,0.60218674,0.6162536071175112
1350,0.61801666,0.5997208370380097
1351,0.6331014,0.581984996698074
1352,0.630817,0.5485730795890723
1353,0.61102587,0.5431339381615682
1354,0.5917923,0.6169369926137444
1355,0.55489844,0.6158716344460623
1356,0.5514096,0.6162978575063062
1357,0.6363829,0.5901565133758157
1358,0.6270389,0.5285118089114126
1359,0.6281799,0.5448384414342061
1360,0.5987207,0.4498551683765052
1361,0.53504723,0.4177015846228299
1362,0.5547922,0.41452653519793004
1363,0.4506313,0.4242788431503737
1364,0.4230999,0.41877247739388657
1365,0.4173664,0.4210485835361881
1366,0.42940405,0.4356836522120713
1367,0.42293295,0.44276174892263853
1368,0.42726982,0.43971562848741963
1369,0.44559342,0.4632797441530836
1370,0.4546661,0.4650479617461074
1371,0.4526374,0.46414806427649236
1372,0.48056975,0.46593453202517743
1373,0.48235664,0.4830233487274386
1374,0.48141775,0.49274198084718823
1375,0.48429194,0.525767154637281
1376,0.50352484,0.5026309420666741
1377,0.513157,0.4880263732575484
1378,0.5494961,0.47687887898347625
1379,0.51993155,0.46372191938726914
1380,0.50444436,0.4600530431550609
1381,0.49327323,0.49388146838077784
1382,0.47864863,0.5214206369873772
1383,0.47493187,0.5858266121284171
1384,0.5125677,0.6297700749939702
1385,0.5409244,0.6410844453676418
1386,0.61242825,0.6213684927618618
1387,0.6510923,0.6315991603035666
1388,0.659523,0.6510528522961353
1389,0.6259777,0.6379517650746976
1390,0.6472651,0.6318195529192826
1391,0.6703941,0.6258091416065431
1392,0.6504405,0.6188234445708664
1393,0.6436363,0.6102379688563057
1394,0.63645077,0.6140973105489339
1395,0.62825346,0.6042393778773131
1396,0.61860263,0.5815390455676109
1397,0.62371427,0.5434677038775754
1398,0.6116635,0.5451592029025206
1399,0.5866056,0.528451398728774
1400,0.54596144,0.5421628483548643
1401,0.55137795,0.5394944410434169
1402,0.53246665,0.5324546071681194
1403,0.54910564,0.5543151161263443
1404,0.54585004,0.5757468794463084
1405,0.5388451,0.597614205172771
1406,0.56571907,0.5956891321276084
1407,0.5894105,0.614281861706892
1408,0.6131886,0.6446652070979614
1409,0.6091065,0.6477595873831529
1410,0.6311984,0.6560317711448428
1411,0.6649827,0.6590000911243316
1412,0.66443366,0.6866003856521398
1413,0.67335963,0.7292296636561592
1414,0.6750874,0.7595792727867655
1415,0.70660293,0.8028736694628739
1416,0.753027,0.8587695325634791
1417,0.78247917,0.9152828258836571
1418,0.8293455,0.84474158298298
1419,0.8869372,0.7459685916130455
1420,0.9405636,0.7093327981617158
1421,0.82058096,0.6770440072498537
1422,0.7318066,0.6415805195199554
1423,0.71108526,0.6214249231522936
1424,0.67360896,0.6103958030573023
1425,0.635587,0.5972974443782452
1426,0.61579895,0.5933530755602122
1427,0.6057388,0.572136503595614
1428,0.59272087,0.5584893098369078
1429,0.5909012,0.5493786748875967
1430,0.56885666,0.5671136671546285
1431,0.5570974,0.5264713052700021
1432,0.5496811,0.5628844723069891
1433,0.571815,0.6124013970513252
1434,0.52583843,0.6093006127759136
1435,0.57188886,0.5614582724472709
1436,0.6281939,0.5707578846998748
1437,0.6200879,0.6399848451634559
1438,0.56681085,0.6377734504750591
1439,0.5837169,0.6581056085082785
1440,0.66405135,0.6802846098944698
1441,0.65292877,0.6773189789731687
1442,0.6776778,0.6834006644596015
1443,0.70158905,0.684991417304092
1444,0.69433725,0.6703352261191798
1445,0.70112485,0.6790050085540446
1446,0.7008958,0.6699203069472864
1447,0.6820412,0.6496576485563063
1448,0.693234,0.6472739847507644
1449,0.68026036,0.6352756792995825
1450,0.65707135,0.6221437493315564
1451,0.6564063,0.6025221629359029
1452,0.64224535,0.5926686706569201
1453,0.6282188,0.5994625122154972
1454,0.6070818,0.5903584025053649
1455,0.59796816,0.6077883178703708
1456,0.60687584,0.5733312566630865
1457,0.59589547,0.5789770344845689
1458,0.6174112,0.559131259734383
1459,0.57670325,0.530802312948015
1460,0.5873306,0.5200090551474637
1461,0.56495875,0.5201108260277496
1462,0.5349794,0.5110786965122803
1463,0.52605647,0.507489889245799
1464,0.52760863,0.47232582406124457
1465,0.5180994,0.42552437510487473
1466,0.5157712,0.42863613670494805
1467,0.47821483,0.4135796816371069
1468,0.43209672,0.4246436286267158
1469,0.4382494,0.42231443307896654
1470,0.42247805,0.417112839089671
1471,0.43574896,0.4112325956302597
1472,0.43425244,0.4162108453584039
1473,0.4296466,0.4123975073288295
1474,0.4252799,0.4123260216025256
1475,0.432289,0.41654991394831753
1476,0.42892447,0.4253407282734377
1477,0.4296203,0.4398923648778009
1478,0.4350494,0.4135809907405358
1479,0.44484872,0.41837048276431077
1480,0.4606401,0.40487825510706155
1481,0.43096164,0.3830188927177245
1482,0.4376859,0.36306421760421437
1483,0.42342463,0.34384221622343536
1484,0.39809462,0.34035555314254917
1485,0.37737235,0.3660605715836369
1486,0.35735837,0.36115295204698084
1487,0.35480782,0.3895896980370117
1488,0.38497666,0.40059511369639
1489,0.37818268,0.40111170748184144
1490,0.4098476,0.3778012494080214
1491,0.42181036,0.35468349676088506
1492,0.42132917,0.3820821982131901
1493,0.3952835,0.36786217764387574
1494,0.37027797,0.3535267641538318
1495,0.4035392,0.3701187935369069
1496,0.38542113,0.31960471571996185
1497,0.36840838,0.3159426811438433
1498,0.38975912,0.3153837173645805
1499,0.331197,0.3047508916354573
1500,0.3288795,0.29445079907289706
1501,0.33117282,0.2968858535595149
1502,0.31824085,0.29337821406446507
1503,0.3070285,0.2825353073636617
1504,0.31078836,0.27459662049074207
1505,0.3075409,0.2919810247556739
1506,0.29542798,0.2856304842315486
1507,0.2871989,0.28122936415520605
1508,0.30771914,0.2734316186665352
1509,0.3014435,0.2712818823316169
1510,0.295637,0.2663473451220406
1511,0.28801826,0.2643115985811647
1512,0.28590116,0.26240208868199677
1513,0.28084955,0.2725119136136199
1514,0.27866277,0.26546628905681124
1515,0.27697045,0.3063668917750142
1516,0.2886408,0.29465977590460957
1517,0.28115892,0.3008218572232998
1518,0.32810566,0.2917355275657917
1519,0.3153246,0.2842039624308518
1520,0.32027152,0.3127295297543571
1521,0.31131762,0.2985071375083057
1522,0.30169186,0.2967603106787903
1523,0.33469793,0.2671555752413586
1524,0.31793612,0.24753677294734577
1525,0.31416678,0.25380922901748404
1526,0.28167427,0.2423514395790175
1527,0.25904942,0.2350609975727852
1528,0.26692745,0.22323425238681016
1529,0.25418347,0.22329006003708962
1530,0.2456331,0.21998785917953678
1531,0.23384961,0.22702817555329347
1532,0.23473969,0.23778043561077666
1533,0.23209804,0.23859156132699022
1534,0.24011928,0.23118909604281745
1535,0.25275353,0.22667136299410306
1536,0.2532198,0.2635941186451215
1537,0.24441588,0.26488486187104765
1538,0.23971546,0.27253603802579573
1539,0.28259778,0.25825973954987014
1540,0.2844756,0.25445016324568426
1541,0.29055595,0.23453622290917875
1542,0.2754969,0.24567511351562155
1543,0.27059358,0.23358545884238868
1544,0.24897233,0.2509798014979322
1545,0.26052585,0.25648368860539683
1546,0.24787927,0.24905106337342553
1547,0.26678345,0.2399880877000189
1548,0.27431113,0.24488027269405954
1549,0.26412836,0.24482956871621564
1550,0.25429967,0.2265974044363478
1551,0.2601021,0.22733507984184198
1552,0.2601842,0.2077545803191856
1553,0.23919007,0.18151851921327855
1554,0.23991981,0.17395355121143186
1555,0.21925306,0.1713543405753194
1556,0.19014165,0.2639633212379955
1557,0.18269253,0.21417638101100733
1558,0.1819022,0.20478940690069314
1559,0.2860231,0.19522884526961992
1560,0.23304197,0.1957104878443019
1561,0.21353206,0.18385879276915218
1562,0.20877033,0.17378105411492373
1563,0.2084857,0.17003410729400603
1564,0.19581804,0.1690688512738593
1565,0.18385664,0.1674881475580089
1566,0.1808796,0.16328175759051855
1567,0.18134052,0.17281767027763362
1568,0.18103692,0.19064801027748368
1569,0.17766964,0.19202114511573265
1570,0.18743816,0.19019276493413373
1571,0.20725095,0.18165115563490297
1572,0.20831811,0.1721448875489
1573,0.20508575,0.16653679569916746
1574,0.19595867,0.1648362307024558
1575,0.18512216,0.17019748001244894
1576,0.17903745,0.18143420679955413
1577,0.17765564,0.2039983127221613
1578,0.18413892,0.19651349132835927
1579,0.19714046,0.1891887511536139
1580,0.2218503,0.18493716699383755
1581,0.21309137,0.21395329259862628
1582,0.20353222,0.2288140867699845
1583,0.19969839,0.23141858314573827
1584,0.23213905,0.24812616391310205
1585,0.24913293,0.2333312522839578
1586,0.24912134,0.2543560694174619
1587,0.26745647,0.25069011238779226
1588,0.2504033,0.25307118062565537
1589,0.27264056,0.2623013854100088
1590,0.26964107,0.2741361688426036
1591,0.27020422,0.27465620637740473
1592,0.2809601,0.3045127027196043
1593,0.2940484,0.28571314589050123
1594,0.29391113,0.2885108881937104
1595,0.32768863,0.26341735500831553
1596,0.30582336,0.23469022585299193
1597,0.3068669,0.22338854201845515
1598,0.27934298,0.2230395808249439
1599,0.2456955,0.21962756870471645
1600,0.23293316,0.22635830899695009
1601,0.23333752,0.21482204479698797
1602,0.23028967,0.22201655888000527
1603,0.2383605,0.2156427612125158
1604,0.22620824,0.21665329647172948
1605,0.23434496,0.13660669070520148
1606,0.22843173,0.13620304649124737
1607,0.22903019,0.16144260964168589
1608,0.1620073,0.172932648467656
1609,0.15211537,0.17493053905812694
1610,0.17459974,0.17084076630304568
1611,0.18665147,0.16657289572832457
1612,0.18549404,0.13671941484388328
1613,0.1809268,0.14381383388590996
1614,0.17702752,0.15916873681288624
1615,0.15010518,0.17461527606456517
1616,0.15446177,0.18635140941257688
1617,0.17318195,0.1953294640194726
1618,0.18930095,0.20414057904275673
1619,0.20133337,0.27655062679866627
1620,0.21105057,0.2817439154973702
1621,0.2206144,0.2794430517284656
1622,0.3029097,0.2912533410377047
1623,0.303873,0.28302118665276577
1624,0.29634738,0.26661869802929206
1625,0.31226936,0.2731529641289524
1626,0.3019593,0.2778102667282667
1627,0.2837222,0.2749928626613878
1628,0.2919614,0.27820776923527635
1629,0.2971316,0.27754106733639594
1630,0.29259092,0.253600738372074
1631,0.2959241,0.2645051784435233
1632,0.29525912,0.2802428658057261
1633,0.26781356,0.25768744075408656
1634,0.27965078,0.23690100673762393
1635,0.2987154,0.22959573837241476
1636,0.27144834,0.23306463507866582
1637,0.2474184,0.22429037991260725
1638,0.24030098,0.2356733061841647
1639,0.24467158,0.2603069632800801
1640,0.23499495,0.284821397295174
1641,0.24792737,0.2848565597949513
1642,0.27738628,0.2837484818146673
1643,0.30549487,0.2900897826920169
1644,0.3041078,0.26380815016584247
1645,0.30205056,0.26446621780994306
1646,0.30980527,0.2520042976574369
1647,0.27953708,0.21692874449212285
1648,0.2793308,0.21814556764840942
1649,0.26639676,0.25934187634213757
1650,0.22572708,0.274126985479216
1651,0.22754568,0.2927354482355248
1652,0.2777388,0.3076111230500337
1653,0.2948978,0.28443727120487783
1654,0.31343484,0.29286270873320264
1655,0.33111608,0.27947293255188566
1656,0.3032085,0.2674640165540182
1657,0.3120543,0.24835985838175012
1658,0.29741028,0.2779502763087931
1659,0.28188398,0.2875332304303958
1660,0.2606936,0.2949404241739769
1661,0.2936442,0.3516280873636334
1662,0.3065117,0.34182310004975003
1663,0.31301036,0.34448002382935594
1664,0.37758204,0.3444884939468449
1665,0.365572,0.3423046405743956
1666,0.3667447,0.3537398417501775
1667,0.3674012,0.35409799481690196
1668,0.363443,0.3720069980060613
1669,0.3758252,0.38831163527048773
1670,0.3748276,0.41515830296689116
1671,0.3940591,0.3904064951270678
1672,0.41071925,0.3893009476994852
1673,0.4383476,0.37872611242108
1674,0.40940896,0.38401322829680407
1675,0.4085451,0.38454685935394495
1676,0.3972711,0.37653186688100204
1677,0.40287474,0.3763362357857546
1678,0.40295938,0.369853463142815
1679,0.3929735,0.36680372006503303
1680,0.39329132,0.3800821333617299
1681,0.38607123,0.41262662865250477
1682,0.3828703,0.4218946245583327
1683,0.39848968,0.45457658275546464
1684,0.4332287,0.4633304073528829
1685,0.44151577,0.4484147984696948
1686,0.47669396,0.423101896699669
1687,0.48470193,0.40889085541178793
1688,0.46630445,0.4199264294932472
1689,0.43904504,0.4453959877984013
1690,0.4246585,0.438796739471601
1691,0.43747127,0.4303045573286307
1692,0.4642943,0.4382027395020003
1693,0.45484236,0.44810566423767606
1694,0.44574204,0.45128388452370227
1695,0.4556921,0.4536669670608168
1696,0.46622273,0.46248198314979627
1697,0.4686667,0.4533826449237647
1698,0.4708241,0.4060673607614719
1699,0.48031574,0.4064871552947886
1700,0.46931943,0.41424927841576265
1701,0.4164362,0.4316399632749526
1702,0.42115173,0.44021863180448884
1703,0.43033996,0.44271006657501477
1704,0.44796202,0.4642434572122014
1705,0.45657244,0.5103119867144499
1706,0.45905647,0.5138903768277594
1707,0.48338914,0.5067929117284176
1708,0.5342196,0.4760601175017162
1709,0.53414994,0.4963638480845177
1710,0.52465516,0.4898077031436813
1711,0.49030277,0.5195618283229224
1712,0.51480514,0.5145766158967936
1713,0.5055757,0.503418190689442
1714,0.53824157,0.5238061861948553
1715,0.53014773,0.5131140511685822
1716,0.51706785,0.5086755727523175
1717,0.5413652,0.46129675925289637
1718,0.5271656,0.4454478987716902
1719,0.52220315,0.4650388155323537
1720,0.469721,0.4760120338082866
1721,0.45559072,0.4830990564073149
1722,0.47876477,0.4386248657413413
1723,0.4891877,0.38212036093121426
1724,0.49616906,0.35618872142464497
1725,0.44726324,0.36561927991180987
1726,0.39253315,0.3486463218813388
1727,0.3644695,0.323293905897453
1728,0.37625143,0.31178409199711377
1729,0.35620815,0.30770297728968854
1730,0.32909122,0.3001787770333353
1731,0.31865036,0.36848813527974045
1732,0.31624627,0.4268906949341995
1733,0.30913934,0.4347769341320068
1734,0.38815668,0.4919384111791225
1735,0.44891885,0.5313986510672912
1736,0.4478194,0.5373874469447191
1737,0.5039442,0.546857847496529
1738,0.53588945,0.5903265959917664
1739,0.53522515,0.5850813907506053
1740,0.5495638,0.5826000058370514
1741,0.6149379,0.5364349463426985
1742,0.60072166,0.4747781982848136
1743,0.6016818,0.44389703136703873
1744,0.54668975,0.42271032489323146
1745,0.48653704,0.4288515889612836
1746,0.4534287,0.425607323699286
1747,0.4284562,0.43108878463762357
1748,0.4365194,0.42830947822434984
1749,0.43236136,0.4759205333712956
1750,0.43880808,0.4918493005666159
1751,0.4370245,0.5064901093506688
1752,0.4908637,0.4399064750465915
1753,0.5072769,0.4015789740555443
1754,0.5226872,0.3118222096607862
1755,0.44886753,0.23296213626354012
1756,0.41350767,0.1995923780418679
1757,0.3180436,0.1760761944344178
1758,0.24978867,0.16107654371326008
1759,0.2014277,0.16457694162208003
1760,0.16818866,0.17535582660607352
1761,0.1545896,0.16449387167570517
1762,0.15911707,0.14060541088945633
1763,0.17289832,0.16856090012511515
1764,0.16617101,0.16006395328636736
1765,0.1475453,0.15735031247650655
1766,0.1742107,0.1325070490551089
1767,0.17164358,0.13342181578079415
1768,0.16600442,0.10134902210669261
1769,0.14538628,0.08155582099652026
1770,0.14436579,0.08724017206555901
1771,0.1221267,0.10506223286401206
1772,0.10776091,0.09072927172562617
1773,0.10706604,0.09544836562607062
1774,0.12269689,0.08286173516363682
1775,0.11496758,0.09898083564174254
1776,0.113564305,0.09059104195001433
1777,0.10783539,0.1196621615545378
1778,0.115966566,0.14073387917235936
1779,0.113982596,0.14985225866698926
1780,0.13344249,0.12888952848866975
1781,0.15733047,0.14159566524155598
1782,0.16430369,0.12889861739598585
1783,0.14442758,0.12317550263030108
1784,0.15268028,0.1466878120499362
1785,0.14492321,0.23834368004458129
1786,0.13782635,0.22423242078146188
1787,0.16087148,0.2121781612429806
1788,0.26373094,0.19151600593840845
1789,0.24650112,0.1495098521762559
1790,0.22568876,0.10316146290515993
1791,0.20291942,0.0808581151524187
1792,0.16282734,0.07234798448738267
1793,0.13187844,0.04971076583336298
1794,0.10935164,0.04063871857785084
1795,0.09913639,0.027364409902039255
1796,0.08948471,0.02137564262309405
1797,0.08245529,0.03379249093278863
1798,0.07736563,0.02927362683372503
1799,0.07300733,0.02617199188658409
1800,0.07375915,0.01839805861672722
1801,0.07119021,0.012499474619853734
1802,0.06688839,0.003252630575805493
1803,0.06395332,-0.0053922847859192435
1804,0.061912686,-0.015566222306514998
1805,0.06096325,-0.02383789613263304
1806,0.060219876,-0.03576061536162939
1807,0.060254492,-0.03725672719900047
1808,0.060764913,-0.04069733021278715
1809,0.061331443,-0.035063939323939974
1810,0.06295362,-0.03489128737306607
1811,0.064167,-0.010582242384144236
1812,0.06560478,-0.013989747611013958
1813,0.066446654,-0.012092033143589642
1814,0.069398284,-0.008716399737755731
1815,0.069028474,-0.018700283420188313
1816,0.06644856,-0.020484538438960642
1817,0.06673586,-0.019038933734723207
1818,0.06470198,-0.02117860549693784
1819,0.06368488,-0.020875648648266132
1820,0.064740255,-0.020647453909178493
1821,0.064829245,-0.019853481500125114
1822,0.06504889,-0.024496605323464926
1823,0.06547278,-0.030461968251570104
1824,0.06564771,-0.02883553315346038
1825,0.065033525,-0.006666780892445712
1826,0.06408427,0.003208121913203743
1827,0.06468495,0.015778876644535533
1828,0.06826894,0.04469970445299465
1829,0.07041761,0.05871643383321368
1830,0.069748886,0.12643912464490126
1831,0.07981856,0.15956232121809888
1832,0.085449986,0.15684909647768808
1833,0.13138194,0.1515446018483656
1834,0.1692532,0.13917014036017505
1835,0.15992561,0.1327528282047793
1836,0.15200916,0.1426693580544076
1837,0.14484783,0.15184463741626386
1838,0.13993284,0.14279261333595672
1839,0.15117407,0.13976195377649459
1840,0.16440749,0.13559102209474294
1841,0.15777071,0.13052107812871094
1842,0.15495539,0.12468249809227683
1843,0.15295711,0.1325808384498578
1844,0.14879584,0.12088528092531547
1845,0.1436556,0.11828919494133172
1846,0.14982149,0.10467684226810026
1847,0.14028564,0.09852922784978646
1848,0.13590226,0.11378581013656841
1849,0.124840595,0.09943053841342309
1850,0.11776709,0.09329672475273854
1851,0.12962541,0.09214401138915507
1852,0.12097394,0.08937523676401526
1853,0.1117649,0.08379143540539313
1854,0.11127999,0.12355291281438541
1855,0.109354146,0.08098554538728675
1856,0.10474268,0.11120014271883916
1857,0.13717233,0.10841044736975669
1858,0.111895196,0.10699377980212643
1859,0.12318311,0.11325485651473155
1860,0.1294187,0.1134959482215695
1861,0.12223352,0.12812256266294553
1862,0.12766796,0.12752773225848257
1863,0.12834734,0.13689241004820163
1864,0.14131117,0.13263239197528454
1865,0.14291075,0.13449837524409203
1866,0.15037191,0.13795772629528869
1867,0.14831725,0.13367856257243915
1868,0.14885984,0.13768741818367414
1869,0.1533846,0.12142646912948885
1870,0.14972427,0.11874991668589818
1871,0.15290232,0.10525250147889575
1872,0.13985279,0.10661926217980822
1873,0.13582379,0.10779387983383171
1874,0.12545921,0.08461985451252307
1875,0.124991156,0.08228561194674988
1876,0.12654045,0.07650810190484347
1877,0.11089065,0.06735433458918705
1878,0.10446679,0.07078665131421336
1879,0.10187309,0.08538550022042046
1880,0.095357,0.08742305761102187
1881,0.094675995,0.08070550387065001
1882,0.10432083,0.08087852358757475
1883,0.10716329,0.0807596021147472
1884,0.10047829,0.09244264699137639
1885,0.09885745,0.10048527751662562
1886,0.09960722,0.10369899901404667
1887,0.10703616,0.0894196046075415
1888,0.11507014,0.07812281271831634
1889,0.11760709,0.07362723423815032
1890,0.108557954,0.09063248007957225
1891,0.09985047,0.08553297706874297
1892,0.0966283,0.0828282686709726
1893,0.107610755,0.08257652204784394
1894,0.10825969,0.10687119509219023
1895,0.10278601,0.10564094100552868
1896,0.10324252,0.07250811040163152
1897,0.12155536,0.06044768171253312
1898,0.12445255,0.046650974924067556
1899,0.10262373,0.04521517036309741
1900,0.09311077,0.059651024683135545
1901,0.08678398,0.05793536907232444
1902,0.08285432,0.06059971705698053
1903,0.08830692,0.08036279038613048
1904,0.087761134,0.07972903321505154
1905,0.08518998,0.09229169111821633
1906,0.09645299,0.08696888101771671
1907,0.09826981,0.10166781888852516
1908,0.103177994,0.09331720662453724
1909,0.10324455,0.09389658342132723
1910,0.11185981,0.08354503043811856
1911,0.110575266,0.08606260108153596
1912,0.10791499,0.09453585022236899
1913,0.10342167,0.08924850689569708
1914,0.10336769,0.08167814373407589
1915,0.11190633,0.09362453758087541
1916,0.110175215,0.09483335950438809
1917,0.10323971,0.09704773244891007
1918,0.11103325,0.1008543624727164
1919,0.11517354,0.08453725751761842
1920,0.11487361,0.10633136637324148
1921,0.117960416,0.10112330197509078
1922,0.10752023,0.09643787855201236
1923,0.12098249,0.09232293123571778
1924,0.12186801,0.1330336103925297
1925,0.11413767,0.1330239718036682
1926,0.11138981,0.1643670836720298
1927,0.14677587,0.17194577160096758
1928,0.15188268,0.17871658397517864
1929,0.17718175,0.1756373939621675
1930,0.18863484,0.17256772148009214
1931,0.19255015,0.19502154220590118
1932,0.18973425,0.24945071978592337
1933,0.18549103,0.28717019255645604
1934,0.2115241,0.2683445209074804
1935,0.2739779,0.3064532244976965
1936,0.31520483,0.3129170178107633
1937,0.28912637,0.3111609685951233
1938,0.332672,0.31825736581752884
1939,0.33975312,0.30776973133976704
1940,0.3321629,0.28118313823950714
1941,0.34267643,0.26513797090045077
1942,0.32940748,0.24981727394728992
1943,0.29732195,0.2361777706675191
1944,0.27882147,0.22587009692531168
1945,0.26145828,0.2288960687879037
1946,0.24537405,0.17376853264842518
1947,0.23450351,0.18567114157862363
1948,0.23957914,0.19327747854983612
1949,0.181687,0.20263665848392864
1950,0.19233188,0.20715130196302844
1951,0.20552823,0.21121910525069776
1952,0.21373916,0.2190806603743397
1953,0.21879265,0.2169257344027098
1954,0.22316253,0.23990541808164212
1955,0.23220381,0.23667022804481608
1956,0.22984034,0.25720133016211133
1957,0.25565898,0.26316050112589184
1958,0.25233263,0.2638012087109065
1959,0.2744631,0.2529743929556687
1960,0.28264588,0.2508875989597096
1961,0.28218147,0.24237741412299596
1962,0.27028075,0.24091176197635855
1963,0.2677685,0.23929378364004805
1964,0.25848043,0.28657807441883865
1965,0.2561858,0.2817170647232067
1966,0.25457737,0.28469663085794283
1967,0.30957362,0.28762462861614235
1968,0.30306768,0.29108104846305083
1969,0.30350125,0.2591297186610373
1970,0.30810174,0.21904342996933635
1971,0.31121972,0.23286558964571824
1972,0.27408907,0.24659504338397042
1973,0.22900009,0.23921008550162082
1974,0.24384442,0.23776366384018122
1975,0.26148894,0.23588076361556398
1976,0.25131953,0.2286998802994964
1977,0.24986777,0.21768648957144987
1978,0.24908367,0.21448115441133575
1979,0.24126783,0.20591636564010352
1980,0.22926095,0.2440215650251092
1981,0.22633591,0.2440157849610466
1982,0.21752968,0.23428628791685246
1983,0.26065493,0.25820012470992226
1984,0.26167786,0.2434408440415251
1985,0.24744004,0.2345334828214981
1986,0.27590796,0.23126057632361685
1987,0.25968906,0.22827074119509738
1988,0.24812302,0.22887696823497006
1989,0.24563181,0.23162226007181774
1990,0.24219292,0.22685760347468953
1991,0.2431218,0.22121700124952248
1992,0.246595,0.21363016830564008
1993,0.24132365,0.2066406934951781
1994,0.23506975,0.21731767888400932
1995,0.22713685,0.2101555703923358
1996,0.2197307,0.20559819837079907
1997,0.23215884,0.22958514995715895
1998,0.22441131,0.2153545332075132
1999,0.21853378,0.22098326053329942
2000,0.24633008,0.21868506705883395
2001,0.23027074,0.21220255333053883
2002,0.23498419,0.21624717417578598
2003,0.2338945,0.20843880674019832
2004,0.22585183,0.21248853257770506
2005,0.23075834,0.22357818615526448
2006,0.22241673,0.2167680999276247
2007,0.22668439,0.21854184259320886
2008,0.23992127,0.2111193041649979
2009,0.23180419,0.19973513706055857
2010,0.23328081,0.1763834850093936
2011,0.22568262,0.16213021316802567
2012,0.21271399,0.14619141685732595
2013,0.18774882,0.1385231136609717
2014,0.17272905,0.14762078754181285
2015,0.15854222,0.130312499509029
2016,0.15196612,0.12937230254859688
2017,0.16133851,0.13876566313424454
2018,0.14735672,0.14524800883232036
2019,0.14468151,0.17611122500000442
2020,0.15474239,0.17085703287747267
2021,0.16132656,0.16799245274652852
2022,0.19057316,0.1571013985230254
2023,0.18724436,0.14543225257395287
2024,0.18006575,0.14649506908959253
2025,0.16978613,0.1480562607541891
2026,0.15794143,0.13443991252215048
2027,0.1587323,0.13409547517225473
2028,0.16200897,0.12046955967925288
2029,0.14987424,0.10301923879558528
2030,0.14898115,0.08763252189128057
2031,0.13904552,0.08371770579633153
2032,0.12402604,0.07997572673614384
2033,0.11282357,0.06093587526355848
2034,0.10703083,0.05583929821662814
2035,0.104458235,0.06622845547653888
2036,0.09501466,0.047201215607048486
2037,0.089349546,0.05241009817578235
2038,0.09279345,0.08174934000521772
2039,0.08514864,0.0854959360884151
2040,0.08219587,0.0719765633884496
2041,0.09949447,0.08993036793774056
2042,0.10408515,0.0969691674929426
2043,0.09122346,0.09472239738835087
2044,0.10013456,0.08785022095079731
2045,0.110405624,0.08550479663698052
2046,0.108207665,0.07392572025948951
2047,0.103600375,0.06592072438850272
2048,0.102045126,0.06370814875410646
2049,0.09650915,0.05465411827843614
2050,0.09241716,0.08579867886012316
2051,0.090945385,0.07470738939640953
2052,0.088228285,0.056747296628065214
2053,0.103616446,0.03417379427284245
2054,0.10256238,0.028652170486931583
2055,0.089388415,0.04096396623596532
2056,0.08093519,0.031307372533796285
2057,0.07555033,0.010806675229575902
2058,0.0771995,0.006893518838734347
2059,0.07370362,0.01810079423459454
2060,0.065504976,0.0265217701108158
2061,0.06390215,0.0354894925637127
2062,0.06690087,0.03165785143605265
2063,0.06888061,0.0238311569355924
2064,0.07039885,0.012118734965550826
2065,0.0680196,0.019579447893220137
2066,0.06483609,0.035276230541876674
2067,0.06169948,0.02813833209393163
2068,0.06320861,0.009998987995678443
2069,0.07002661,-0.0030527540636224315
2070,0.06715264,-0.012676025617312847
2071,0.061320573,-0.016593282849283464
2072,0.06006424,0.008867965739222883
2073,0.06069611,0.014526624199468874
2074,0.061901208,0.0157800828691107
2075,0.06705439,0.04170356874902936
2076,0.07073318,0.08731524205307761
2077,0.066872604,0.09416074493168247
2078,0.07492003,0.12094892829426063
2079,0.10370081,0.10484823521247844
2080,0.10940936,0.11666508933548558
2081,0.124285154,0.10593293132309844
2082,0.11557125,0.1281474200855819
2083,0.121559955,0.12508737969770123
2084,0.11769157,0.14399238119736602
2085,0.13617519,0.13038814144643585
2086,0.13945866,0.08845263539149151
2087,0.15598968,0.09333775762563401
2088,0.14775252,0.046194014806863914
2089,0.11905384,0.013592546446846598
2090,0.11533802,-0.0008093983428215656
2091,0.09761035,-0.022052179878190803
2092,0.08059485,-0.032977189089156034
2093,0.07280551,-0.038533005113032925
2094,0.06935521,-0.051122784058119985
2095,0.06683861,-0.058830466018275296
2096,0.06640629,-0.05530402193739231
2097,0.065081306,-0.059466182563908065
2098,0.06345603,-0.060394925951653244
2099,0.06419671,-0.06414445602471386
2100,0.06403008,-0.06621214422047644
2101,0.06336118,-0.04487337122353274
2102,0.0632393,-0.05044280665260048
2103,0.06313713,-0.05050677581067381
2104,0.06660476,-0.0553468549826705
2105,0.066427946,-0.06319605116175447
2106,0.06438321,-0.010523380850941177
2107,0.06429663,-0.005198988322134612
2108,0.0631944,0.0012461414661796844
2109,0.07268291,-0.0022074716975429842
2110,0.07613107,-0.013839005692620532
2111,0.06822722,-0.016812085310766278
2112,0.06620071,0.009812930777301387
2113,0.062337577,0.02410157024562798
2114,0.061006412,0.03869474954181029
2115,0.065882325,0.0324142783743962
2116,0.07210621,0.02233871787932107
2117,0.072926,0.0285654671919085
2118,0.067955606,0.04013975952471749
2119,0.063147634,0.021805839850370046
2120,0.0639763,0.005136583702836484
2121,0.06953333,-0.0032261193465845106
2122,0.06417267,0.006202181023373998
2123,0.059345916,0.022627099370916226
2124,0.060006578,0.01649236287901834
2125,0.06325132,0.03897807994546021
2126,0.06882423,0.027674688800975178
2127,0.06599119,-0.016738247865974276
2128,0.070388906,-0.036639222951094674
2129,0.068231866,-0.022512206323125228
2130,0.057607986,-0.028493514530141484
2131,0.05629432,-0.015299013573594644
2132,0.062017217,0.02584234356061277
2133,0.06451946,-0.021799910815715695
2134,0.06606348,-0.02545780642272455
2135,0.07989115,-0.020716233774212
2136,0.06566822,0.00132180337606852
2137,0.05993717,0.02003288342833226
2138,0.064387806,0.01604249082799447
2139,0.06747579,0.016489269818088126
2140,0.07341733,0.020202508021071208
2141,0.067308664,0.010993067611104135
2142,0.06425339,-0.00232503933643885
2143,0.064440556,-0.002203689161081712
2144,0.062322427,-0.002088210370323307
2145,0.059725653,0.0012265548354251088
2146,0.060826913,-0.007714781811390292
2147,0.062738866,-0.009765115582513806
2148,0.06380681,0.026436389575470676
2149,0.06313486,0.027348544787310025
2150,0.06283121,0.03847768516444117
2151,0.072633035,0.08641301345009222
2152,0.073679976,0.06679683939668846
2153,0.07062054,0.058696118020791
2154,0.09883005,0.060196437554598026
2155,0.09009768,0.05176914188332693
2156,0.07870626,0.08264904423547714
2157,0.07919591,0.0870854643340977
2158,0.0774754,0.08631774377342116
2159,0.09328093,0.07291304887467609
2160,0.10381816,0.05435153250949587
2161,0.100318685,0.05255554083239311
2162,0.093656614,0.06643052749769685
2163,0.08708711,0.06880723438007874
2164,0.08467185,0.059113935887665336
2165,0.09208025,0.08207736646660879
2166,0.09468639,0.07413906570213358
2167,0.08732692,0.07709389691905788
2168,0.09766982,0.06599138427644413
2169,0.097978674,0.02135387077255757
2170,0.094413295,0.012222255470320853
2171,0.09041854,0.02885270085932895
2172,0.076701574,0.030471650609284695
2173,0.068679914,0.028254554746763028
2174,0.073599406,0.02991060882491442
2175,0.074668825,0.028601634846663226
2176,0.070773914,0.023418780110886994
2177,0.06977476,0.026866957462696628
2178,0.06864034,0.02848417968834105
2179,0.066296324,0.025378621218829056
2180,0.06618814,0.023041631671999574
2181,0.06677085,0.03837605076916051
2182,0.065578446,0.020842497554379502
2183,0.06459099,0.025174656365614778
2184,0.069344,0.02287447774370649
2185,0.06569631,0.02033377308433637
2186,0.06430241,0.017482827869730544
2187,0.06562347,0.028301632310778257
2188,0.06438302,0.07846746904537738
2189,0.063996896,0.10169965830056849
2190,0.06644381,0.10067014295430476
2191,0.09551628,0.09376559027612918
2192,0.11730898,0.08972160197873147
2193,0.10989854,0.08371410509220023
2194,0.103133544,0.07255941831149759
2195,0.100563556,0.06172773527957576
2196,0.09805002,0.08315009873649815
2197,0.09251267,0.07668461320173292
2198,0.088633016,0.08695901833837227
2199,0.0998394,0.09808634221776635
2200,0.10228773,0.07633183098770302
2201,0.10432199,0.06916978448708178
2202,0.11531593,0.0683887861538297
2203,0.10179038,0.08608624150866218
2204,0.09523044,0.08091978922090459
2205,0.09375675,0.07393042325263488
2206,0.10409839,0.07711463898960225
2207,0.10373277,0.0788484914062827
2208,0.095482625,0.0698129988299484
2209,0.09708058,0.07655934290095456
2210,0.09950893,0.05759277561752629
2211,0.09386562,0.08872407832359785
2212,0.096053496,0.05911192121138553
2213,0.08961782,0.05355382861029545
2214,0.10281939,0.05732506751011901
2215,0.092666216,0.048615580571460315
2216,0.08525549,0.06850616368517093
2217,0.0863651,0.06467319682362505
2218,0.08311096,0.011113505056577211
2219,0.09002824,-0.005561322489532616
2220,0.09135747,0.004277307180008183
2221,0.072646074,-0.007181970130590187
2222,0.06278329,-0.018785336338733805
2223,0.068114676,-0.0285839266769074
2224,0.06667514,-0.029092740608158196
2225,0.06314385,-0.037792104264698645
2226,0.0627184,-0.0230824011520947
2227,0.06384348,-0.027024230938827498
2228,0.0638901,-0.04153337091143411
2229,0.06575461,-0.015268983396239277
2230,0.066282995,-0.0013060491546346698
2231,0.062849104,-0.02873197061019256
2232,0.06662507,-0.05174261246854939
2233,0.07147821,-0.03645841043234732
2234,0.0637551,-0.02127378490622961
2235,0.058922864,0.004092527574628468
2236,0.063164346,0.013267258959116401
2237,0.067815974,0.007074076630677495
2238,0.07246524,0.011904901830544046
2239,0.07264981,0.028395811547721472
2240,0.06673424,0.06481245396717594
2241,0.06511737,0.07958319778908418
2242,0.06859586,0.08559099537480752
2243,0.08702952,0.08520772163095203
2244,0.09616514,0.07911725476771936
2245,0.09515047,0.06435931288554797
2246,0.09465388,0.0776524258434087
2247,0.0910206,0.0847121232496647
2248,0.08557747,0.0960308709912101
2249,0.09119172,0.08588791018959618
2250,0.101629995,0.06520191492655159
2251,0.10937693,0.061486740519928085
2252,0.10564126,0.06729649796829229
2253,0.094732665,0.07694067035724184
2254,0.09071563,0.07493889010362875
2255,0.09360823,0.09358503715559574
2256,0.099557154,0.08976375666840086
2257,0.09816308,0.1065087211166248
2258,0.1077144,0.1084071597711389
2259,0.109090485,0.12056676605046335
2260,0.118315734,0.11813646009069234
2261,0.123091616,0.1033128531374049
2262,0.13269413,0.07681736417230467
2263,0.13233921,0.060596222646980946
2264,0.119974494,0.07406234309999404
2265,0.10456872,0.07599965159479116
2266,0.094854325,0.05132840192386334
2267,0.09755151,0.0385579110214187
2268,0.10201701,0.03512002044437035
2269,0.08910364,0.05253016838221869
2270,0.08172596,0.05479748858042688
2271,0.07879919,0.08836755217452996
2272,0.08334002,0.07862408457913861
2273,0.08509604,0.06505691581705553
2274,0.09986461,0.053562843929775616
2275,0.098407246,0.04308895843653093
2276,0.08603759,0.06692875741145654
2277,0.081686,0.0559994200149172
2278,0.07751784,0.05000988081036728
2279,0.08669667,0.03989290618322494
2280,0.085182846,0.06040090243369689
2281,0.07950438,0.06656366749322828
2282,0.076888695,0.08397673581323517
2283,0.08365265,0.07627749543602658
2284,0.09118612,0.06014815279640284
2285,0.0979723,0.04197150723482823
2286,0.09573265,0.033095008461954456
2287,0.086337246,0.03305960825275883
2288,0.07988851,0.04541009309543509
2289,0.07537924,0.03201178142541572
2290,0.07402673,0.013594621827240028
2291,0.07769019,0.023960623220119714
2292,0.073391676,0.03522427268503703
2293,0.065961376,0.052125170713757774
2294,0.067249045,0.042631555152590206
2295,0.072803006,0.02452960506421581
2296,0.07928289,0.019865548866929872
2297,0.07361023,0.0093101941945129
2298,0.06690575,-0.002476454950729845
2299,0.06407508,-0.006382873472749073
2300,0.06286134,-0.019263411615882797
2301,0.061303854,-0.019006947218624226
2302,0.061879277,-0.0058510279915208185
2303,0.061854657,0.0003125646427433737
2304,0.0628623,-0.014182453735400669
2305,0.06652681,-0.008013045454846213
2306,0.0681429,-0.022168669206641345
2307,0.06481537,-0.0027711624304189164
2308,0.06464091,-0.0003915146794595814
2309,0.06395336,-0.005429821117723943
2310,0.06572694,0.033691685375700386
2311,0.06780146,0.04859470674809807
2312,0.06478897,0.043923731465126736
2313,0.07448783,0.02916381401609014
2314,0.084822536,0.03212544365895176
2315,0.0739903,0.021409346980941657
2316,0.06772642,0.012609781387238672
2317,0.066085525,-0.0023820466299083742
2318,0.06431715,0.0015906562833951088
2319,0.061341174,-0.012219061141098775
2320,0.060460165,-0.0186251029001977
2321,0.062146544,-0.029046919322006814
2322,0.062573165,-0.03553372965659218
2323,0.061977684,-0.038896406389469285
2324,0.06268727,-0.04383499618994813
2325,0.06320625,-0.04506574756202203
2326,0.06398999,-0.043422318366882706
2327,0.0642211,-0.05127035979574157
2328,0.064639375,-0.05177623644861701
2329,0.06554402,-0.05601928894238639
2330,0.06475212,-0.05993695527615467
2331,0.06454758,-0.06882284154754825
2332,0.06481406,-0.07051438061916093
2333,0.0643933,-0.07410951708188884
2334,0.06375143,-0.06746605824170782
2335,0.064036444,-0.07586348993085701
2336,0.06467935,-0.07843548770899988
2337,0.066017814,-0.08665752038675217
2338,0.065548524,-0.09168075724362212
2339,0.064563334,-0.09488607244798353
2340,0.06432584,-0.09701068820320918
2341,0.06392381,-0.09241661124821565
2342,0.064276956,-0.09552943355059085
2343,0.06431727,-0.10176154497728429
2344,0.065009475,-0.09203556674600394
2345,0.06422217,-0.10829683924744682
2346,0.06220151,-0.11721983863435803
2347,0.063511245,-0.12449574877702169
2348,0.061363846,-0.09559283052097317
2349,0.058828752,-0.09209381628151492
2350,0.05969699,-0.07675981671770643
2351,0.06437227,-0.08249082045929956
2352,0.06455976,-0.06783969367985948
2353,0.06305117,-0.03575805369905627
2354,0.061779853,-0.03689742417875197
2355,0.061699167,-0.012427106653957742
2356,0.06710498,-0.010042072518234246
2357,0.065599725,-0.01485308917533218
2358,0.06645177,-0.016157104498964903
2359,0.06787582,-0.02560456916028525
2360,0.06380146,-0.044014168272801246
2361,0.06252013,-0.012171617741273455
2362,0.060957853,0.04525146573044192
2363,0.05854631,0.08500047904783914
2364,0.06426631,0.11619612503766263
2365,0.09196696,0.12351462230732302
2366,0.11110607,0.10210808420488526
2367,0.12456497,0.12172488650844826
2368,0.1269362,0.10726529513285732
2369,0.10607369,0.10303136710685423
2370,0.12172055,0.10093401302406069
2371,0.11558253,0.09802818436799443
2372,0.1097691,0.08906639255875848
2373,0.11151788,0.06590962541976975
2374,0.1117653,0.034700906364157236
2375,0.10760966,0.00757994145308255
2376,0.097785465,0.006428616128896836
2377,0.086118445,0.0021741674689564894
2378,0.07495397,-0.016794935521276033
2379,0.073242515,-0.03793878881222512
2380,0.07248839,-0.06678371380277615
2381,0.066976875,-0.06931437785116357
2382,0.06269694,-0.0699915089749823
2383,0.060238436,-0.07024881914385911
2384,0.06126379,-0.06474515148778653
2385,0.063497186,-0.06272726828526737
2386,0.06414339,-0.06960072408683943
2387,0.06530038,-0.06573649489272038
2388,0.065943986,-0.06356499178806274
2389,0.06454706,-0.05951531737720217
2390,0.06476897,-0.05436907565382243
2391,0.06574501,-0.050336823764966954
2392,0.06594226,-0.05315430734507054
2393,0.06647552,-0.053979004925000795
2394,0.06658405,-0.049814574329218764
2395,0.065608494,-0.03416441238827972
2396,0.064925745,-0.03240579341517802
2397,0.06561962,-0.029438563514111393
2398,0.067728356,-0.027781436577278773
2399,0.067541644,-0.016963097009431827
2400,0.06612322,-0.011556195699526983
2401,0.06579054,-0.011245675807996014
2402,0.066536576,-0.01043429527175066
2403,0.06683234,-0.0013097331881225527
2404,0.06551495,0.01448808933352308
2405,0.064770944,0.007812093652240726
2406,0.06544322,0.0015436861096799204
2407,0.06813759,-0.00878140586543602
2408,0.065060556,-0.013102425268656515
2409,0.061609305,-0.019172718169626346
2410,0.060392227,-0.02502694210066736
2411,0.060400277,-0.039524887759239624
2412,0.06108834,-0.05261764373563871
2413,0.06151827,-0.06487564162140264
2414,0.061152007,-0.05919781245901157
2415,0.060667194,-0.06145976771755218
2416,0.060890134,-0.06111058093678762
2417,0.06350896,-0.0484862493499002
2418,0.06518698,-0.04663381678079076
2419,0.06522538,-0.047748736794233915
2420,0.067440026,-0.0544185331947355
2421,0.06773495,-0.05893529518512919
2422,0.06613022,-0.03591698468355409
2423,0.06469831,-0.07026950186883624
2424,0.063827366,-0.07475067609800745
2425,0.06740688,-0.0782069145571963
2426,0.06345229,-0.07538883827003973
2427,0.06039472,-0.09494186976476482
2428,0.063498914,-0.09651818396303613
2429,0.064675525,-0.09831609445964629
2430,0.06309136,-0.1159671696239662
2431,0.06292801,-0.1287193906967231
2432,0.06505464,-0.14412749902197797
2433,0.062833905,-0.13851522001993277
2434,0.060391054,-0.1375251623123337
2435,0.058875658,-0.13792047580198574
2436,0.05925753,-0.1297696545679325
2437,0.058276553,-0.08866444963679021
2438,0.054717965,-0.08188241363052706
2439,0.05345038,-0.08116986082794253
2440,0.05746739,-0.08502469352206338
2441,0.057339817,-0.09252785281081782
2442,0.05491576,-0.09034516884967858
2443,0.0562796,-0.0862313314966836
2444,0.05600189,-0.09398653524142575
2445,0.058460817,-0.07737111344492142
2446,0.06186831,-0.0743652596068532
2447,0.062013354,-0.07881663390923255
2448,0.06502761,-0.05894800793129801
2449,0.066529185,-0.049364681976424796
2450,0.06369639,-0.05361130843625522
2451,0.065788984,-0.031154320741791974
2452,0.067112274,-0.0249748829091071
2453,0.06387393,-0.014583507885807923
2454,0.06636723,-0.020639615675912715
2455,0.067346275,-0.016817018438577525
2456,0.065909244,0.054219902854930724
2457,0.06402356,0.049726095825557426
2458,0.063020736,0.05582249330973377
2459,0.08849134,0.04803929447890487
2460,0.08840872,0.047320693158364846
2461,0.0749152,0.04996738660734834
2462,0.07188001,0.04669260280460841
2463,0.06933871,0.038343567159191516
2464,0.07062898,0.032396671500030005
2465,0.07075627,0.0269464997704828
2466,0.06936325,0.020971149721973226
2467,0.068355754,0.010944050147470075
2468,0.067627445,0.022569016843240475
2469,0.06651163,0.02627797139715371
2470,0.06454497,0.021996886206780863
2471,0.06661221,0.02966214934472977
2472,0.068455234,0.026883743361805712
2473,0.06606422,0.01732721169045487
2474,0.066872105,-0.0007928589517985363
2475,0.06673577,0.003128801369790546
2476,0.063288465,-0.011127358581414448
2477,0.060420193,-0.03092633167406922
2478,0.061707836,-0.027792591580197423
2479,0.061973456,0.05068922637175621
2480,0.059967294,0.06472566275672542
2481,0.06219285,0.0437211076704318
2482,0.0924775,0.04180120283346134
2483,0.104623,0.07009733749531
2484,0.076925926,0.06735193777176018
2485,0.072049245,0.09925219117856943
2486,0.084369674,0.08077164001521764
2487,0.08565916,0.07869439735529171
2488,0.101443775,0.06437233195531744
2489,0.096794866,0.050415885162488516
2490,0.08940688,0.018910134021428937
2491,0.087368265,-0.06609338922181596
2492,0.082505636,-0.05157882092307303
2493,0.073891714,-0.0564139755282802
2494,0.06528894,-0.06726621349531697
2495,0.061503135,-0.06124532111200681
2496,0.06940915,-0.0613702637964566
2497,0.06594482,0.031658218114003545
2498,0.066897884,0.05887509545862224
2499,0.0675417,0.08331808578846189
2500,0.09302181,0.10261930343001258
2501,0.10824565,0.11310427240400345
2502,0.09704085,0.10511889905964655
2503,0.10586276,0.026075474519991204
2504,0.11202206,-0.010557285864788213
2505,0.10627992,-0.013861896657565598
2506,0.08036101,-0.03166509849390192
2507,0.061301745,-0.06928139452953708
2508,0.060342908,-0.07777478256727505
2509,0.061382767,-0.08449340263263194
2510,0.058082856,-0.06744260221158749
2511,0.05989663,-0.06861877131782157
2512,0.06364849,-0.03635047275232539
2513,0.06707214,-0.03560188038041978
2514,0.06814593,-0.0403298571731851
2515,0.069797665,0.005417924569815713
2516,0.06993482,0.020706093155579086
2517,0.06350286,0.06733923114384543
2518,0.07258238,0.09275160034809471
2519,0.07899754,0.08261691405679672
2520,0.09169492,0.08981336720031174
2521,0.10912646,0.09858131706393802
2522,0.09514518,0.08752429655606608
2523,0.093577206,0.07776101571757743
2524,0.10320863,0.06820919006885695
2525,0.09823125,0.062480383498878966
2526,0.09164168,0.095092836484303
2527,0.089255214,0.07694157485656994
2528,0.087655395,0.06702704538571702
2529,0.10898322,0.06541912734654443
2530,0.10399857,0.06797012801383906
2531,0.09346627,0.08546026966044606
2532,0.09182298,0.09689270479147882
2533,0.09301765,0.09231362966427492
2534,0.10273627,0.09989141873671636
2535,0.11275447,0.08503386265172674
2536,0.109157495,0.07197651960317075
2537,0.11287579,0.058214429817910696
2538,0.10533004,0.044271213778973584
2539,0.09590151,0.03320562782519154
2540,0.08984408,0.024504317220771954
2541,0.08385095,0.020110828819333848
2542,0.07884877,-0.00509764161633125
2543,0.074782796,-0.013248876839454415
2544,0.07192881,-0.018064992302278038
2545,0.06617226,0.0008565728018329888
2546,0.06350589,0.006284955965973338
2547,0.064414196,0.0007545203589259808
2548,0.06741854,-0.008017945280947403
2549,0.06864804,0.002788550917640409
2550,0.065061904,-0.003080915313451782
2551,0.062480062,-0.014284026404673966
2552,0.063838676,-0.01645055242865734
2553,0.0636684,-0.023057202703511304
2554,0.06106877,-0.03667334135271633
2555,0.061538383,-0.03646975689721549
2556,0.062228214,-0.038225739690342764
2557,0.061591014,-0.04414656002825368
2558,0.062885866,-0.05884232195343336
2559,0.06456577,-0.06910826578722018
2560,0.06427863,-0.08046121409736373
2561,0.062865615,-0.0990914857069532
2562,0.06228371,-0.1222840784033915
2563,0.062513016,-0.12484070994205426
2564,0.061510026,-0.12634438678613857
2565,0.060226105,-0.1258183748958343
2566,0.06255358,-0.0978677046350106
2567,0.065198496,-0.11063825548423362
2568,0.06294961,-0.12734051733711355
2569,0.063923,-0.11691389523945883
2570,0.059374657,-0.12223464944199064
2571,0.05353527,-0.11947081523803876
2572,0.056732595,-0.12673818834804673
2573,0.05795792,-0.10994265082575233
2574,0.057707388,-0.1240702922725167
2575,0.057712633,-0.14581240512822663
2576,0.059927024,-0.1274608190396398
2577,0.058652688,-0.14356021191894863
2578,0.054038897,-0.17229070626655202
2579,0.05796551,-0.17225042004678814
2580,0.056920223,-0.15641614988386687
2581,0.05014527,-0.1609125534143983
