7399a758eb02bae1a3621236,CPU,96,512,0
75c536d5ba60528b3ef3ae40,CPU,96,512,0
6265a99de1a50cc6f1b03602,CPU,96,512,0
cb5c703eae0a123ad25e480d,CPU,96,512,0
fc6921f2af20c5337c43d4a9,CPU,96,512,0
49caad91753d3c004cde7b66,CPU,96,512,0
688166685a9e980d59044b7d,CPU,96,512,0
96ad36bcac3d8d1979ba73a2,CPU,96,512,0
5518904576855e07267e54fa,CPU,96,512,0
294dc19e3369eede733d3c6c,CPU,96,512,0
65cffcfba06944fac3c2897a,CPU,96,512,0
735e8e92dde6e6c420ebf8ac,CPU,96,512,0
fc6f20c0608b3c7ac4afb679,CPU,96,512,0
74998327eb57fa36870ac6ef,CPU,96,512,0
0db76426c824568256d0d025,CPU,96,512,0
f9c869cc53d80e121b0190fc,CPU,96,512,0
35832815d003fe303d5b83b6,CPU,96,512,0
91b53b0ca6a25e3d88e7e786,CPU,96,512,0
86430f61f97cedd828496379,CPU,96,512,0
1c6afd5c227e89b8a29589f4,CPU,96,512,0
5c24fca43661d88457d79cc1,CPU,96,512,0
f6b308ec28f950a8026560ce,CPU,96,512,0
cac402ff0ba3ae7e91ef9561,CPU,96,512,0
b4aeb448f452405c786dd01e,CPU,96,512,0
7077ec572d50395cafcbcb7d,CPU,96,512,0
2b255fc5f68083dcdd4f2847,CPU,96,512,0
298bddccf95ccd3cb740fa5f,CPU,96,512,0
dd129e189734d7979f6c3e0e,CPU,96,512,0
170448f9cfcbb98d8323e7cc,CPU,96,512,0
9b2bb693317edd3450c6bd42,CPU,96,512,0
d50566938115191d5dfd1093,CPU,96,512,0
88ca9570a95b21a8fa463dde,CPU,96,512,0
047e85ea04d65e8eb82ec068,CPU,96,512,0
e10195f8ca0738353478d244,CPU,96,512,0
fb0e3bc52b4794e0ecccbc7b,CPU,96,512,0
f740501a8e34015232805b2c,CPU,96,512,0
fadc63b4940e45d1b5dfe839,CPU,96,512,0
a3ce4e4f161046d1460cfd5f,CPU,96,512,0
5de92123fca0b76e9fdc495e,CPU,96,512,0
71661531af0a408ba13e7e08,CPU,96,512,0
f2a940ce9c4047efc5ef600d,CPU,96,512,0
35a4a81eecf3bd4224d847ea,CPU,96,512,0
52ff73f01839f415339b01d7,CPU,96,512,0
8b62b0ea0338281ff7ac8da6,CPU,96,512,0
b54a4b236c954ac594157fc3,CPU,96,512,0
6cbe357c4ef8fd9eff1b67db,CPU,96,512,0
b6f815bd233d45f2ff161b99,CPU,96,512,0
14fbc866996ec0f1b9e03ed4,CPU,96,512,0
c956315ff44c7d64653dcdb4,CPU,96,512,0
e3718b943bd7cdbff26cbb30,CPU,96,512,0
7ffbb9da37e3dfa0accbd908,CPU,96,512,0
8a6807389854d8de07b8f8ff,CPU,96,512,0
003eb1120dc12d608325ba73,CPU,96,512,0
8d6a5bb760f86d7abc670b72,CPU,96,512,0
12be01808689bf618d8d450e,CPU,96,512,0
a8040c2965174c9a08e743b1,CPU,96,512,0
84326973cbe2db8a80e66d31,CPU,96,512,0
f5aa69168029264ce88dc49e,CPU,96,512,0
eaec157b545f66567159d1f1,CPU,96,512,0
a3c36d9099afdeae29c56811,CPU,96,512,0
9a5fa63a036ca9b95f39b582,CPU,96,512,0
4d151c5996459044f7479798,CPU,96,512,0
9318348505c9f5b87a205cd2,CPU,96,512,0
96bc93ac230ddcc6d9067521,CPU,96,512,0
24923fba683501bd6058766b,CPU,96,512,0
dbe680830d200c9c2ab4d241,CPU,96,512,0
52cf4e212f167295598890c1,CPU,96,512,0
7b4b7d2d3d25496d86d4dfb8,CPU,96,512,0
968b6778b19290ead90111dd,CPU,96,512,0
6294340e2ba5bb56ac52cd2d,CPU,96,512,0
ce65bbdf153c81391ad7c77b,CPU,96,512,0
14b8c4c7fd725dc62241216a,CPU,96,512,0
38b4133f7bb4c32135c044d7,CPU,96,512,0
0915f523b0135f175663c26a,CPU,96,512,0
ada87ca440cecbf0c4846589,CPU,96,512,0
ea4a6ce25cf9da097d783144,CPU,96,512,0
04b76e48f8e09cede7bf6582,CPU,96,512,0
c9d6f1287f815509d8a2b269,CPU,96,512,0
0f719984652d7e12df59027c,CPU,96,512,0
ca0d455228946a17120af878,CPU,96,512,0
784c3621cbf36930aa3cbb9d,CPU,96,512,0
48931f4f3bf9f7409a01c511,CPU,96,512,0
56f17ffe98e41dd0b4a45461,CPU,96,512,0
0ada2343597a34b8ab9a3d00,T4,96,512,2
795e3e50c66cb2a07cbfbd05,T4,96,512,2
8b6010469bca955ebf056a33,T4,96,512,2
e2dcc65ad791044c17e52998,T4,96,512,2
39045412e5ae0ec60c1cc36b,T4,96,512,2
300f408a48ebc8fd8eeba7be,T4,96,512,2
c3f87a68cf6b9650a8a77c67,T4,96,512,2
aea554ec08021e56e43cbedf,T4,96,512,2
7ba29b2f06bf95163b0c7fa6,T4,96,512,2
40df5d7392ee3c1cd401f676,T4,96,512,2
1c18c66311776cfdf1cfe92a,T4,96,512,2
f5c563f385499ffcf14ab4dc,T4,96,512,2
09e35ebb0fefd48938c57e08,T4,96,512,2
14b2923a689fbdaacd311ec5,T4,96,512,2
0e5aaa164cea53a8c065843e,T4,96,512,2
5f89cdafbff37ae80bc826e0,T4,96,512,2
810283a2501db3565ba0caee,T4,96,512,2
bd1aca1d83c79643a177a7c4,T4,96,512,2
7f986c3db31278d78b2e5a8a,T4,96,512,2
edf154babe804e727d6f6689,T4,96,512,2
9cd337865ea7b41724c366c3,T4,96,512,2
e03928576b1cd17e64172f14,T4,96,512,2
6c0b21e54ca27fcf39568a9f,T4,96,512,2
a68c76d8995c23ea959386b5,T4,96,512,2
eed801020298c270969c756a,T4,96,512,2
985f9c5dad4ed785593443d3,T4,96,512,2
6d4081eda3214864147e1722,T4,96,512,2
0ffa5a1d44c69f2e46a24bd7,T4,96,512,2
3d8135706a688efa38c92b62,T4,96,512,2
2a639f7c09097f105d0d5d1c,T4,96,512,2
21d9358443880c9809bc53a1,T4,96,512,2
7fed017666e43346eae7040d,T4,96,512,2
3c61ec3cf25d075b6d0959b5,T4,96,512,2
851373f8f67d6820384166db,T4,96,512,2
53a06e58f1dccf4da35cceb9,T4,96,512,2
513893a3cecfa71050c58f1b,T4,96,512,2
e58b96db4eb85531f1113a0b,T4,96,512,2
b400d6398a1e669079bf763d,T4,96,512,2
e1aa816efb68c4af9775bbeb,T4,96,512,2
9e51377a1e9a19798dc28505,T4,96,512,2
a5d7372b04dedb4f040d9038,T4,96,512,2
120ae6e2cca223c2d1dea59d,T4,96,512,2
af82b95ca9c343b747970362,T4,96,512,2
3ee6673f347e44319c021969,T4,96,512,2
c498c793b24e0a46beef5361,T4,96,512,2
81176d7d30ecaec06d954fcd,T4,96,512,2
303060609716c3e963030eb0,T4,96,512,2
b6e9407781021c8debc66b59,T4,96,512,2
07a6772e2828f6b48a24030d,T4,96,512,2
9f75e9b83f6d914a91317c75,T4,96,512,2
0f5afb06b0f4c4c8479109ca,T4,96,512,2
2287d1c7f1ecb82804cf253d,T4,96,512,2
a2612597acedcd0c2dbed67f,T4,96,512,2
47ed063fc0ff6fa921a14f39,T4,96,512,2
b04b4629edfbfffe17dc968d,T4,96,512,2
c82dcb1da2d66e8b41e1d98e,T4,96,512,2
ce86ba6f1ffa8f7cde851249,T4,96,512,2
f0593b9e691930b6c07625e6,T4,96,512,2
0caf8aa8ca750c7b486aba52,T4,96,512,2
6f56bb87c055496991a51ec2,T4,96,512,2
ad57021650b5e8a728070887,T4,96,512,2
931d331e4b680202addef24b,T4,96,512,2
bb59cf1a2993e6a18f8fd382,T4,96,512,2
4e488dad6c33fa4703fb774b,T4,96,512,2
93219572e9d71ab29d03c6fb,T4,96,512,2
27fa1f2a704d41de614d2dbb,T4,96,512,2
5090496240a9c577da1295fa,T4,96,512,2
9df18e1c718bd63cdfb2a1f4,T4,96,512,2
c18c640bb7c99eab0917d92b,T4,96,512,2
9232097848c9e7f5fdf415a2,T4,96,512,2
beccbf3074b5aeda07612303,T4,96,512,2
c0bb911306731844133b580d,T4,96,512,2
18d8601aa92b806e6a92706d,T4,96,512,2
622a51c0206355e7c2afb949,T4,96,512,2
5f07cb0e049f6a430fe58278,T4,96,512,2
1fe288adc152b8b85f4aece5,T4,96,512,2
e43c39795db332fb49f70987,T4,96,512,2
11bd0aa064ec3a47833e3e18,T4,96,512,2
98c8c62bb1e110d37791bd5e,T4,96,512,2
679f7333fc6f33c1fa946cc8,T4,96,512,2
15039551336347a7df6db1e9,T4,96,512,2
c8e0385741f9a702e8b41c7e,T4,96,512,2
20db11b1d966ed71037896ca,T4,96,512,2
d35e39d98590d2d344eecbba,T4,96,512,2
eccc732a484883d5124de826,T4,96,512,2
19b8cacc9bd1de5e70c029a2,T4,96,512,2
d5ffc2aedbeb213cbdbd35f9,T4,96,512,2
a743802516ac4acb3899f2f8,T4,96,512,2
45c255ace4249cd6e919b651,T4,96,512,2
fd0d2b2e8ec244a67a6226f2,T4,96,512,2
93beab48e3d402bc57b9f41c,T4,96,512,2
43d0e47eaab1e57aa72a05c9,T4,96,512,2
47ef3da4393468fb79be02b0,T4,96,512,2
2500a3f1f824bf611a9ebe04,T4,96,512,2
9153f8bc80cdd1b1cdbaea90,T4,96,512,2
0aedbe3e3045982a0722b6a2,T4,96,512,2
1380054ea7f2b0620cb29a6d,T4,96,512,2
d11b05b84440bcc118721024,T4,96,512,2
f2062593f6f48f888dfcdf66,T4,96,512,2
7cbd5227bd5278a35fc20f3d,T4,96,512,2
7675232a4bab612331337a55,T4,96,512,2
716aa57c64dfb3fac6940e58,T4,96,512,2
aeaf435d7099116015ac894e,T4,96,512,2
0e2a8e35006f6afe30fb5f0e,T4,96,512,2
84ea3c2d736cbacde007da20,T4,96,512,2
eab037d50adb03495d31ae34,T4,96,512,2
19100a7bab6e57763116aac9,T4,96,512,2
303c546b2641e5cd3454b08e,T4,96,512,2
39df714ca470f23748520adf,T4,96,512,2
e0f2cb17210be23109a5562e,T4,96,512,2
0a6a013071feb8c0d4f4d8f6,T4,96,512,2
332c92f3e6ff7bc2114eeaa0,T4,96,512,2
c7e279eed90b844cd1286ed0,T4,96,512,2
377a36155d2736d5dac76a47,T4,96,512,2
79222efc09db495a3578bf30,T4,96,512,2
64f0da0e42b4035eaeb7bce4,T4,96,512,2
b4041b17cca3dc4e5d68e652,T4,96,512,2
0c8fa5d18e24b80cad5bff99,T4,96,512,2
5c685eaac3ae54130ddaef77,T4,96,512,2
c1bf6e5752996eba86ceb218,T4,96,512,2
1588e233f75554bcf494befc,T4,96,512,2
831394f03875aef4260cdffb,T4,96,512,2
33c3226314504d4f3df46bfb,T4,96,512,2
15c5edff1bc34f6c20b58a74,T4,96,512,2
9b9c8d7d14f9ae15a9b561d8,T4,96,512,2
e30cef85ba3c25b4311bc158,T4,96,512,2
4947120d475af0d4792307de,T4,96,512,2
6971c3754faf58e124aff4d5,T4,96,512,2
369d105fccfb5d841db845e6,T4,96,512,2
557fea60e7dd66b7e564b6b5,T4,96,512,2
1803c6273047224b31a815d8,T4,96,512,2
48905821a942ace6fb6dc08c,T4,96,512,2
38c2b7eed3dada90aec41a4c,T4,96,512,2
ba69dc2c09b07aefac5cf1d8,T4,96,512,2
ae95936de757e1cfc023989a,T4,96,512,2
048d883ff19276ad62189797,T4,96,512,2
d0b662d3bd90ba327807c4e6,T4,96,512,2
c3f657200c0c9565a9a319db,T4,96,512,2
af52e272b296cc495188e3eb,T4,96,512,2
ceac47c981e751b1a66fa2ed,T4,96,512,2
b2a23318a8047c888da8c0e7,T4,96,512,2
94802ae174962c4423cef013,T4,96,512,2
648fcfd4f02fe5a9b8fcf3ec,T4,96,512,2
eba179f0d6544dffc14d4f53,T4,96,512,2
26473190adde7238a4a16330,T4,96,512,2
4ffcb28027d2fec7de191c1c,T4,96,512,2
e2a78897d0ae84f600e555a0,T4,96,512,2
2f165b3c28c530a5a2b4624f,T4,96,512,2
73ffa4872a3622ff60c6e65f,T4,96,512,2
940e63a9bf78d67a4a0fd14c,T4,96,512,2
1b8880253cb0ba610bf20b7b,T4,96,512,2
68bcfd80164210615c3554d9,T4,96,512,2
becb4f468bfa9b59a8af8c1f,T4,96,512,2
61c22a98fbb4e6586a648c48,T4,96,512,2
0cdb1aee05dd2694dff3a413,T4,96,512,2
ff1fb51807477d22a3609d29,T4,96,512,2
c28af0d92037468de16e00f6,T4,96,512,2
f06f7f58f6202018706853d4,T4,96,512,2
ce6b9b570e1fc3d2c3a6e3f0,T4,96,512,2
bfb72c6f761c3147132df46a,T4,96,512,2
566e39a5250ece67be0b89af,T4,96,512,2
d3e7a846cf9c264ea7e45944,T4,96,512,2
4d362195c887cbfc274394e7,T4,96,512,2
9bc0004181b2f06384a4975d,T4,96,512,2
aa333030db9e5b4a43696fdd,T4,96,512,2
8a237e407ca71c1fb4d5a6c8,T4,96,512,2
c1c84608c5578337a933a71a,T4,96,512,2
6eaa47e3f809f51de82fc782,T4,96,512,2
9b7ccd7fad51790d81b87c74,T4,96,512,2
3cc5f405314f1cfad5ee3ca7,T4,96,512,2
488e6e6cd2d3e51f9472e9d8,T4,96,512,2
b76a7f25950caf05fa0ae000,T4,96,512,2
2e631837c0d5c356b97ab59c,T4,96,512,2
ac7e22339a2e1564241a7083,T4,96,512,2
171aa25237b0956387f8872f,T4,96,512,2
5eb196f606df6e24ab37d041,T4,96,512,2
4e430d57d7b87308a2ca46d7,T4,96,512,2
8a7534c9afa24007a4964200,T4,96,512,2
a34842d3adc36019043601a3,T4,96,512,2
515d4c3bf3b27071da789dc3,T4,96,512,2
165261853e188ca69c4fbcdf,T4,96,512,2
68bea0c2fb34412f6bfe2337,T4,96,512,2
284b22a4e7d271b8de186260,T4,96,512,2
b8310c95282180b9dd2217ff,T4,96,512,2
486abe5db49675c8e75cf98f,T4,96,512,2
2579c9c4d1a724f5ff31b953,T4,96,512,2
fec1ad42d8280fd889dd1da3,T4,96,512,2
9f955666e78281a66dfdbef0,T4,96,512,2
126a77f10e483d2521a36465,T4,96,512,2
445376e5f950619b9c04eacb,T4,96,512,2
59637566e2dd5767a19f0274,T4,96,512,2
936bf62b415862e90165d18b,T4,96,512,2
328df438cce004e9aaf060da,T4,96,512,2
c9f329a527332df31948e187,T4,96,512,2
431088213e11b6b18349a0c7,T4,96,512,2
0bee6bc4ee16de0f1fd508f1,T4,96,512,2
db649b19d0f0aaee57b28f5d,T4,96,512,2
6614f06bb47c3b1cae79d2e6,T4,96,512,2
b70b1fe7c41ac328b81b9cd9,T4,96,512,2
81cf65bfc9773a48d8b8e3ac,T4,96,512,2
4362ff50d9323ed9c7c26c80,T4,96,512,2
ad6875c2e4a8860f97c45a40,T4,96,512,2
0bfbd4e15186c99853d34362,T4,96,512,2
cbab5c1bcdcdb6a98c7d3aec,T4,96,512,2
4a5353311d78363bbb4c74c8,T4,96,512,2
d8f253a6857bc228454f325f,T4,96,512,2
97e5fd164ca6cd8bb8673c72,T4,96,512,2
abb59d16726b817553dca342,T4,96,512,2
f6771f3311bc137e58c0621f,T4,96,512,2
ed9c6214dca2397f01af40ea,T4,96,512,2
8f172d79045757e8b1d97e28,T4,96,512,2
09d90405ebab7eb80790940d,T4,96,512,2
cfff5c6c44542ab408d30680,T4,96,512,2
48f9612349dec57a1cd8502f,T4,96,512,2
e5b277dbd8485ca2b68351a1,T4,96,512,2
76ac8fc39a8b1748bd569ed5,T4,96,512,2
cd64361fe6c3d5c2b33d22d5,T4,96,512,2
b2918c3b1aee0ccd76a3c188,T4,96,512,2
ae093d60749c50cda2fdf0f6,T4,96,512,2
e9ed0a736e37bbd8769d91f8,T4,96,512,2
56783dcfa44a5bd057b7af2d,T4,96,512,2
28a2ff7e7bfd4bca69b60a68,T4,96,512,2
541eda77fce5fcc543439276,T4,96,512,2
a0138daaa4723e898fc256a1,T4,96,512,2
798e9eb9e6a5ded9a20e1b43,T4,96,512,2
4463ba7794eb4eb0a26ddff2,T4,96,512,2
37cc6d4101aadd3dcbee29f9,T4,96,512,2
01cb92957670e37b114405a3,T4,96,512,2
b47c62f9230f116a511302a5,T4,96,512,2
b7ce2f45866cbf348e4b872b,T4,96,512,2
8999229954db39ad380139c9,T4,96,512,2
373018eeadd8b8e6e77af14e,T4,96,512,2
e3e5dcf9f96a92d44feb64f9,T4,96,512,2
d2c7e20e0ca3d1b55da56de8,T4,96,512,2
fdaa850849689c130a59bc30,T4,96,512,2
31ec4bf9f389cdf6a64e24b2,T4,96,512,2
f170758207b017fa2d91e1ee,T4,96,512,2
bfe4e64bddd934561caf53c2,T4,96,512,2
c2cde392013e3097fc1ce568,T4,96,512,2
40279ff88ba14a2a62df2602,T4,96,512,2
c24ffc81c9aa6f137f574214,T4,96,512,2
8ac847b1ca51dccd9decdfef,T4,96,512,2
68e1d50f502ed9484714caab,T4,96,512,2
0fba1f743b8d75fc4f13c3b6,T4,96,512,2
fb459ec921e192e9dfc7963b,T4,96,512,2
42add8179d0079f5d619a7c2,T4,96,512,2
35fc40d2844c0b899c1ceb1e,T4,96,512,2
ca071462f82ebffb75b62b11,T4,96,512,2
a4b7dc4b3b87169d3f2be1b4,T4,96,512,2
d2759075654806aeeb6f916e,T4,96,512,2
0bf89279a1e3625d5c924358,T4,96,512,2
0c1a49e447a8b623d8d5fe04,T4,96,512,2
8da7a753b6e1208944935702,T4,96,512,2
7dc0150397ea4c66468482a4,T4,96,512,2
8ded00530f816a6655b42206,T4,96,512,2
bf25924cfb5b5f80b72b92e9,T4,96,512,2
9e779c7936925809771d3d0d,T4,96,512,2
6b7b060850a6990e9fdd5519,T4,96,512,2
dbe0f6d49c1895d6193f45a9,T4,96,512,2
a001e47709080f1add846bfa,T4,96,512,2
381cd7c68fa601c969d85ca2,T4,96,512,2
f0dded01f181bd1f9ba92ef0,T4,96,512,2
c388ac5d8993c31cc70ee7e6,T4,96,512,2
fe56bde71eaa60f0df1eb25c,T4,96,512,2
b028e61981c59e98b8047d59,T4,96,512,2
de0205a5997adb647a9ba071,T4,96,512,2
15976f62d44f32873ecaa120,T4,96,512,2
a03195035244beb8f45deb51,T4,96,512,2
236998e7a74fca00581a877f,T4,96,512,2
f2de4903c847a5f161069b94,T4,96,512,2
c7030e4936c5a93aec3ba89f,T4,96,512,2
58a3d931ec591e2edcf2e754,T4,96,512,2
77fb72d6108c5542c282f83b,T4,96,512,2
49da79d50876ea02671e9de3,T4,96,512,2
21acf75ca586f1ac738d983c,T4,96,512,2
e857e2ed939bbd2e318f92d0,T4,96,512,2
98de94d3e1ed2bf8762c91c4,T4,96,512,2
f1f4f45a9474a2fd362d76fe,T4,96,512,2
337278df8323213b6d628830,T4,96,512,2
c0d6760f6248ea8260e36fa5,T4,96,512,2
63042c16cf51be014ea00c06,T4,96,512,2
99487190daacec5d08332f9a,T4,96,512,2
965e401acd661127a3fdd69d,T4,96,512,2
0c132162d809dafc1f7daca7,T4,96,512,2
b69dcfea6a5da7606907e08e,T4,96,512,2
c65d1872fedbde116051a254,T4,96,512,2
7d434890c66ada072a36a3a7,T4,96,512,2
3aaca1d43dd9bb42006353e9,T4,96,512,2
9d1e46819c24401777e5027f,T4,96,512,2
e55358f46c285d2b980f6184,T4,96,512,2
4439b59236a605905a998f25,T4,96,512,2
d24e89be1af9d340304f7d10,T4,96,512,2
7b9656e9746dd973ec9dbd17,T4,96,512,2
1a66117372a2440a67902ae6,T4,96,512,2
d3de9894b2a66d80ef17a44f,T4,96,512,2
8fa30365d16456748bbb5a65,T4,96,512,2
a09f93b650e781f48ed92818,T4,96,512,2
20a6536969b98f91dee5063f,T4,96,512,2
31dbf829549b10917e7193a6,T4,96,512,2
00f9363113ba9133ebc9299e,T4,96,512,2
80e499ae4201453e9a90f45d,T4,96,512,2
028bf6d530e469f31ec10ee6,T4,96,512,2
10b0f0f8e34cd510e51ca8bb,T4,96,512,2
ef3e9da0d13cc7f9485e6e47,T4,96,512,2
740c6cd9206927b3bd5ed691,T4,96,512,2
aab115177497a02d2d1d79d8,T4,96,512,2
545ee91dd5a6b56b25c7086f,T4,96,512,2
034bf4a88a4a6db90718dbaf,T4,96,512,2
9e56e6e79751946197c74bad,T4,96,512,2
79d601cc654a3a48890a941c,T4,96,512,2
46cd43f177a74446886338b9,T4,96,512,2
d5fdc977015be5dead0faa48,T4,96,512,2
b9438a00117e0b7a7a5cd2c2,T4,96,512,2
5c792e7565198b266a533027,T4,96,512,2
e071b20b765f2b1679f37b77,T4,96,512,2
5fd8866baa3c5b01b27e8928,T4,96,512,2
c260da9bdee77f5c9c9cb3bb,T4,96,512,2
b907625812665ada03a8d56a,T4,96,512,2
3765d45e2eca88d1d1da7cef,T4,96,512,2
fd25f5c53f05a331a5bf4e28,T4,96,512,2
90f260345b917dc0e5fd01e6,T4,96,512,2
c632b4cfa6718462745fc092,T4,96,512,2
f1d3aa470b882ca809232fcb,T4,96,512,2
69425bc691cd3e8a86778a61,T4,96,512,2
fed08a2f018f11c40fd7a945,T4,96,512,2
0f2d49690f515de887eda46e,T4,96,512,2
7770452b93062e94fb7d4233,T4,96,512,2
ca29200fda08f751590c0f19,T4,96,512,2
2988f6d00a08192b50b767f4,T4,96,512,2
80ab5d4e9ed74d0a878ffd63,T4,96,512,2
2646358ca69812ab65f97ab3,T4,96,512,2
020d96a4fcfa96597845e41d,T4,96,512,2
f81487a253f5c009cb8d9c98,T4,96,512,2
902cda4b4e9f2e8b116cf73f,T4,96,512,2
99475ed1947e6e11edce0eb9,T4,96,512,2
c3db52923375d4bffe2c19ff,T4,96,512,2
59c3096e69e910d53efcc32e,T4,96,512,2
f3617af01df7708b2eb56fb3,T4,96,512,2
aaf4e2671d7b1b4b9cdc4df1,T4,96,512,2
19f9c93a1ff9b48cec4c7605,T4,96,512,2
6225ac60b018483fd3b6aa87,T4,96,512,2
fa8121dbf490bcd48219d5af,T4,96,512,2
142cdfffe8f591201d31d0b1,T4,96,512,2
309206afe668642651525c8e,T4,96,512,2
eb9acf52f1aee692ca3c75d5,T4,96,512,2
520ac72e1bab36d296c9ca3b,T4,96,512,2
593afa6da8fdaa254628c1e0,T4,96,512,2
aaf9bccf8926ad436c0b1af1,T4,96,512,2
eddbb1a54ef57c9b8dc86207,T4,96,512,2
bff42668b0a4d385f0f7496d,T4,96,512,2
5b5434f04a51b277ae9cbaaa,T4,96,512,2
4de05dee7303cec70f192dac,T4,96,512,2
527e92929406053d56a85abb,T4,96,512,2
0e35ab484e3b10b3d19a3a9e,T4,96,512,2
6c818421846366fb586acbed,T4,96,512,2
5998fb9080c90bd7ce44d41b,T4,96,512,2
848ed3c4b8bdf9b7247da624,T4,96,512,2
42b2d4fdee76c8a186c39596,T4,96,512,2
7860d1e125828b7df7e3ea6b,T4,96,512,2
2c053cfb03407bf228004c26,T4,96,512,2
67fc3d4afc03171a40c2caed,T4,96,512,2
e11df5aa35dd781e0dfbea54,T4,96,512,2
f0337e811aec9ec00ccdeafb,T4,96,512,2
59fb663cf9615524c25d6be4,T4,96,512,2
3a28081225c578f0b26a25b4,T4,96,512,2
43ce9aea514178a1c575e788,T4,96,512,2
2a058e6cba4a209cbfc6fedb,T4,96,512,2
ffe77b7e12a80177cd4a403b,T4,96,512,2
151fb841dadcef6f2780e077,T4,96,512,2
263b2d0ccd84f09a89b6676c,T4,96,512,2
acf2d4773137229d0d0feba9,T4,96,512,2
9bf2e72bbc0b682b5cbc53f9,T4,96,512,2
f17193c489240186da13cd05,T4,96,512,2
5359de47f642821e288db03a,T4,96,512,2
55354b4cafca830fbef9f73c,T4,96,512,2
bce2a703286d0312e43bb780,T4,96,512,2
c1a2fb791593304252e098e0,T4,96,512,2
f5a5c7ecf2a5423afb3fb2a7,T4,96,512,2
afe06487b27b0885e24a7ffc,T4,96,512,2
64a4600d0b741de57a31e3fd,T4,96,512,2
20b374436086afdff5e9041b,T4,96,512,2
3eb680a23f320c43540829f6,T4,96,512,2
c33595133928dd99cc87ed99,T4,96,512,2
aaabedd165dde7ab20afc6fe,T4,96,512,2
e9a03dd87d101a76c5035b07,T4,96,512,2
f5b890ac0a2c1f692fd9f399,T4,96,512,2
cf611bc5a5130c077accdb5c,T4,96,512,2
24b8eea3750a7a7fdd2eec9d,T4,96,512,2
b3dbfe52e7cd0774bdcab19d,T4,96,512,2
19f63fa2e2558b03560dcc70,T4,96,512,2
e5804c5557396bbf0f0daec3,T4,96,512,2
cb4f72085de2ad46bb74cf7a,T4,96,512,2
9e5e506ec314f3cc3c42a1ab,T4,96,512,2
74e1c8457b01c76b314b22bb,T4,96,512,2
c1a552a07aa12d43649625a0,T4,96,512,2
59d2e2194ab0ba9a9060adb5,T4,96,512,2
569146616f3ab7880fc0a807,T4,96,512,2
a64e1a8db3bf0cb177c089f3,T4,96,512,2
97a08ec02b47169768ca73c0,T4,96,512,2
8b9ea5e2e516c64b4ae4fe7f,T4,96,512,2
ef5743337f0e2bcf89f6e4fa,T4,96,512,2
21322adfbdb2c6c149a5cffb,T4,96,512,2
1c712a6c3a8d515440aac9fc,T4,96,512,2
c3879a15d4455b866237049b,T4,96,512,2
b5c0229ee20e771386fabd7c,T4,96,512,2
486ed4a6967e8142a9a654f6,T4,96,512,2
c6ac3255c0faa5ae149a0205,T4,96,512,2
99e9a1ee5cd824b55cdb27a4,T4,96,512,2
f448d7af4980a5aa7b326bf0,T4,96,512,2
77735561d48ec656bd44ad49,T4,96,512,2
911caaf09597b196dd41282d,T4,96,512,2
af055e6977bc7185797a61b7,T4,96,512,2
f7cdf2e6636f4dfc3e31cdf8,T4,96,512,2
046293bb00baa59e1549b3c9,T4,96,512,2
1116ba0a7ae85229947ec79f,T4,96,512,2
4dd082d543d4cdf38353e3d0,T4,96,512,2
06f4eec424102d4a3e3af417,T4,96,512,2
9094ce71b65afa02f2c83ef4,T4,96,512,2
b680c4202e329d132215c4fe,T4,96,512,2
013d05d7ec4e8f23100b34b3,T4,96,512,2
db04ced8e8d9ee8ece938962,T4,96,512,2
c9e1a1292106d60a0dde3b08,T4,96,512,2
f54f33801439737bcfb10cfd,T4,96,512,2
ce3d91dc12114c6705c0bfe4,T4,96,512,2
60c320f661bb46c72bead686,T4,96,512,2
f4269b12456c38c6cdcfec5b,T4,96,512,2
07ecaf0d03555a8702f56a8c,T4,96,512,2
f04493b77d64e56296549c4f,T4,96,512,2
d06ecb96f75753749d600252,T4,96,512,2
e11c3204a9b829df18171719,T4,96,512,2
6fabb1636e67c6e16e26c23b,T4,96,512,2
f4fa427f587dd9041eb48339,T4,96,512,2
80845f09561924f396321944,T4,96,512,2
2f8ad6255991badc1b394d32,T4,96,512,2
69a4ca1014beecaf3383e8cc,T4,96,512,2
38914118297a372fa86d4883,T4,96,512,2
0ea69f0e016df487cb0f4ba8,T4,96,512,2
bc94020cd26cbacf4f3d5c43,T4,96,512,2
c359d2ed94bad5f046bb57cb,T4,96,512,2
49b2f7050cb069d164ab614d,T4,96,512,2
f19914c3e2c574789ae0584d,T4,96,512,2
82e5af3cd5c4af3f56c62c54,T4,96,512,2
d93806f4ee8db66c6f718c37,T4,96,512,2
13b40c19255f55050d95a0fd,T4,96,512,2
b8ac6b9f42e336e3dea97fd5,T4,96,512,2
198908d13d1b02fc0a1f93c0,T4,96,512,2
a58c04acb65790b37132ac81,T4,96,512,2
5d8aae1063fcb6bccf401b36,T4,96,512,2
30ddd99e00dd7ae96a0885f0,T4,96,512,2
f826eac62eafff400c6845df,T4,96,512,2
97161cc6ab183b3ad1717686,T4,96,512,2
97554de9829184e33080587e,T4,96,512,2
274faea7c2b83356d5de3b77,T4,96,512,2
620ad7aa087c776d8f777772,T4,96,512,2
ccb1c2582580b581b568e8df,T4,96,512,2
026e06f7c3c996ec82c69572,T4,96,512,2
26d999ab9c8d97ae98e55ddd,T4,96,512,2
9aa86f90367055caba5a8139,T4,96,512,2
cdab1248e3e353443ecca11f,T4,96,512,2
fa81e4f2c1922ee2b2b2f252,T4,96,512,2
be13b9e83b01b884a74bfc98,T4,96,512,2
1df159a8fd602c37ade2c939,T4,96,512,2
0ff0904e22f19313649334fc,T4,96,512,2
213be74251f51ea9b498b019,T4,96,512,2
b8ceaa24abde45fbc6a235c5,T4,96,512,2
337b5832f78d6896b3d2fea1,T4,96,512,2
f1b1d66a13cb0bcc2a7f11b3,T4,96,512,2
a72fe937fdc36b4d087cd5c6,T4,96,512,2
9636b13b9943539c6dbf0307,T4,96,512,2
acc3ec2679785e107406d178,T4,96,512,2
43f8932f698067a558647940,T4,96,512,2
06887c7b74f6387b60fa127e,T4,96,512,2
bc7d6ebc072992417e5270d5,T4,96,512,2
a600f41048cb5d746a015463,T4,96,512,2
33fa7d41ec796514b4c869b4,T4,96,512,2
177f623f51d51c0b6a6efc6d,T4,96,512,2
be8de449017d5df98635c49f,T4,96,512,2
87077c2648c3a1814ce34edd,T4,96,512,2
93b3f22986277db0ce155366,T4,96,512,2
c580c26416ab38bca4b114fb,T4,96,512,2
2ef660e42c8e37888d5f555c,T4,96,512,2
355d0aa47e9cc1ab762b98e5,T4,96,512,2
35e2888b4b538e32517c6ef1,T4,96,512,2
95c545bc941eeb111c43e296,T4,96,512,2
29e05ae21a6223af911e8c0d,T4,96,512,2
33817c2df0f433ee58330e83,T4,96,512,2
beaad854e5916705b365cadf,T4,96,512,2
312d94a1de1099d971600dc7,T4,96,512,2
c0d11c5ba7deaf65002045c2,T4,96,512,2
6919e7fdd65e64cac24f8bc1,T4,96,512,2
a8c989bb06d445157111bcef,T4,96,512,2
7483755aec6e0ca52336c454,T4,96,512,2
beedde1f605de79a518b3366,T4,96,512,2
c86cdbcc65042cfa7991eea5,T4,96,512,2
430eec3ba1dc1cca88436c29,T4,96,512,2
ce15c11be5cb2a952dfc6714,T4,96,512,2
18ad1d09e66d29d8c4d92180,T4,96,512,2
b23478c84c138906a1ffd1c1,MISC,96,512,8
ffb1bc4dc2fbb09d0477f0f0,MISC,96,512,8
eeea0d5943288cfffcb73cd8,MISC,96,512,8
b2e7a55d83570a18f82d7a78,MISC,96,512,8
6f60902edf28bdea3fb8b164,MISC,96,512,8
9f662e762a88ee10411e7583,MISC,96,512,8
5b94f1c684607b220377623a,MISC,96,512,8
521586986e98aa658297abfd,MISC,96,512,8
0ff9eb37457a1ece65edcfd5,MISC,96,512,8
f7c1c4979c05bb7d20da65e4,MISC,96,512,8
7cfa198d850baae8c3ba0e2a,MISC,96,512,8
76ac4b67190fca6b172cddbc,MISC,96,512,8
9360e535ef49568587910b69,MISC,96,512,8
943fe1a04fa90bf140cb9d85,MISC,96,512,8
033a61c97648ebeae1fabc1f,MISC,96,512,8
cb8cda9b130255bfcca4f1f3,MISC,96,512,8
fac33985ac739cf02b7dc2df,MISC,96,512,8
510c9af10a09b98a2470f90f,MISC,96,512,8
e8ddd1d4a9f75b6f66fab3e2,MISC,96,512,8
df6ca1fe08583dd1b67c9017,MISC,96,512,8
371dd9ca9b147cd2dda55e30,MISC,96,512,8
850645a87234c5b991246fad,MISC,96,512,8
b32b2b3864b1fbd4c6394a5c,MISC,96,512,8
996db10b1bb67e94bedf55a5,MISC,96,512,8
214d56440480dacda8347082,MISC,96,512,8
16b3cec68193e8b041dcd447,MISC,96,512,8
9b91faa488a301dc22128ffc,MISC,96,512,8
6bf9d8569b0af1c1eb0103f0,MISC,96,512,8
9ab96cc9f6380c381eabd339,MISC,96,512,8
edd7369d3763a75aebf18a8a,MISC,96,512,8
e7b3f000e98a235fa417f069,MISC,96,512,8
96b9e5ded8a9ebb288ee3324,MISC,96,512,8
2daafba3a48984f15d4f1325,MISC,96,512,8
1ebdcbd4ce236610e8c01d82,MISC,96,512,8
ae6a269f0880da0b4bf6c2b5,MISC,96,512,8
6af10b43a0a111dc1443e5db,MISC,96,512,8
5cb3b9fde218b1012b6c2c21,MISC,96,512,8
1fad6ce3033d7ce6df2948f5,MISC,96,512,8
b46f7fe4006b248a0fd3b88a,MISC,96,512,8
993d901af707fd2afdf261c7,MISC,96,512,8
254497d86f3bc1779e9c437c,MISC,96,512,8
142a829a1e344f905fdcce42,MISC,96,512,8
45d4dca5b9b2ff0de94c6743,MISC,96,512,8
e084b1da5972d7f902f9c999,MISC,96,512,8
d06b11cdeabf4d3628aa5f8c,MISC,96,512,8
ce4cce98033fcef81252ea5d,MISC,96,512,8
e251b20ea2e0819ecb8c9a78,MISC,96,512,8
95ae29d45198011659d71351,MISC,96,512,8
f504353e74e59fffdc668d31,MISC,96,512,8
091874591c93b7fa72dc8a54,MISC,96,512,8
285100ad166bdcef5bf9cab7,MISC,96,512,8
10ca4b2a89c8b29a6accae43,MISC,96,512,8
d1e7b9b2ead5146c9e81d4bd,MISC,96,512,8
65df9f928f9895dbe851bcde,MISC,96,512,8
47c9fd0e94326c4ae6744104,MISC,96,512,8
e9597d2e155b7c23bf4b7d6c,MISC,96,512,8
52ba39076dbf2fe249173983,MISC,96,512,8
288b2b0649a411ee657b6b1c,MISC,96,512,8
2682c3246f3a8f612ab6df4d,MISC,96,512,8
c1db4deae769b25df5a0ccae,MISC,96,512,8
e34a6b601d688805698e972e,MISC,96,512,8
140c266557b6d74b857bedda,MISC,96,512,8
23fadb2a32734936d5750c30,MISC,96,512,8
5248e29b2b7f2b5f8b974608,MISC,96,512,8
623629579b02bf993d4d503d,MISC,96,512,8
a1a2a511b6bb7ea86cd11460,MISC,96,512,8
4a18a005f26487929716e132,MISC,96,512,8
33c1b3352937155d8b30906a,MISC,96,512,8
fd3b839a7905aa88e6bc6ae5,MISC,96,512,8
df036cc2f6ec587c15f0c317,MISC,96,512,8
accfba78b9313084543b46b5,MISC,96,512,8
7478efc939123410153ec7be,MISC,96,512,8
859f2e40213375bd3c717e03,MISC,96,512,8
fc8fdf72c40052381c65853a,MISC,96,512,8
98b8bb491c96170d88f95a6c,MISC,96,512,8
61d3a1a7610bdc98facbb6e3,MISC,96,512,8
3b127c8abb4f26e57b34af81,MISC,96,512,8
c4f727d34acbd367627942b8,MISC,96,512,8
8c0a3b366aef8f623ad7be51,MISC,96,512,8
1182c3e8ef0f3baa67434864,MISC,96,512,8
330af596a5c0d344d34d8c21,MISC,96,512,8
40abf2418246bccc580433bd,MISC,96,512,8
91c8c202d797d341235ee765,MISC,96,512,8
7b8f750998cd21082e0a1a4e,MISC,96,512,8
278605b97df8ae91599bf53b,MISC,96,512,8
ce5960cd160b2486069074fa,MISC,96,512,8
9d2583e4db3eae548d6ca659,MISC,96,512,8
f1206b8bebcc8a980ec181da,MISC,96,512,8
04a09f3ca5390e64e6851e49,MISC,96,512,8
95dd4e457bd5b15e593a160b,MISC,96,512,8
91d8a93438034d158479edf6,MISC,96,512,8
6a09d19496a452bbfce8a842,MISC,96,512,8
40fd6adce4fc460cb21f5224,MISC,96,512,8
3c65febd83ace9de172590a4,MISC,96,512,8
f73be08e1e36f6a0de75bf5b,MISC,96,512,8
14c1d6a040a33046698786e1,MISC,96,512,8
d73dbda0dd25f3b3ee3e1bba,MISC,96,512,8
9d4ac9db89856d68d488b6b3,MISC,96,512,8
a4b1b9899773e598651b52fa,MISC,96,512,8
e9b51662ff37c06ff8ab971b,MISC,96,512,8
2ab4c04b479710ac03d5cc22,MISC,96,512,8
0c96ed69396cb2b7a4e62768,MISC,96,512,8
bcbdc8d0153f492b26416fca,MISC,96,512,8
34cfefa2143b23264f24a838,MISC,96,512,8
1f3b7b0a93090bedd1b22bb5,MISC,96,512,8
6d8e7f76a8bb61d1e5f302b2,MISC,96,512,8
61ae41966c8cb4fc570a9669,MISC,96,512,8
bab6b787a1fc188ef0eb603e,MISC,96,512,8
a7b176fae0484361e5360f5f,MISC,96,512,8
7eb408711a8ba74d5d12ed08,MISC,96,512,8
21e0f14b15953f9ff9053f5a,MISC,96,512,8
2ff6afe329c234627ed772a7,MISC,96,512,8
d406510b58e7d8b17a088d50,MISC,96,512,8
6ceff750507f08f5793a776e,MISC,96,512,8
5236502e46b3fe5734587b68,MISC,96,512,8
eb76b491ecf9d6a31a6c639d,MISC,96,512,8
f2fa8733b13271d576371c29,MISC,96,512,8
de9a385f0c29a795f51c921a,MISC,96,512,8
c15005f3822c9456f7f591a7,MISC,96,512,8
b49ee829fb6e3a4350a10abd,MISC,96,512,8
69a64b80eb3fa71ed5110c6f,MISC,96,512,8
b5301e172038562e28712e87,MISC,96,512,8
e8a48fd668719929eadcd51c,MISC,96,512,8
f58182b80bd3f3f4e030790a,MISC,96,512,8
905f98d511a6d16771b596d7,MISC,96,512,8
83d838761c4c3650cae40240,MISC,96,512,8
353703147ef33b93f4eea23c,MISC,96,512,8
4f4065b8553a0bd900f133db,MISC,96,512,8
e1731b5b35e6841d55dafefb,MISC,96,512,8
77f39c4b5c76a329b6835e6b,MISC,96,512,8
64b3598645efb5324e66172f,MISC,96,512,8
ff1810dc3575a81fa5c6a1ee,MISC,96,512,8
7f95c6c7f26a55d080d20383,MISC,96,512,8
4f34d89a3e77e6407ffc6a1b,MISC,96,512,8
e2cf09284f3307aec218bb43,MISC,96,512,8
ab0b0a0c35c8cc5e6b7a313c,MISC,96,512,8
12bcc4fceea93a30d7d0f324,MISC,96,512,8
0da924447bdd80bba7e41289,MISC,96,512,8
ec28b9c4ad6c1de3eb7fcea1,MISC,96,512,8
3697d85f691155ddd597cc4c,MISC,96,512,8
9374eea0dd7fea1fee6ff9e1,MISC,96,512,8
93a64e0b48e75ea4b22e61f7,MISC,96,512,8
ffa083856bd1d23e8701a43f,MISC,96,512,8
2e27f7fe753e4936082f9ba1,MISC,96,512,8
0079479df570af6e43cb37c6,MISC,96,512,8
31ab5bb0cd42d4f6e0fc4261,MISC,96,512,8
0a77ce47d2dc5f1a13fa9075,MISC,96,512,8
0f543f919f9e35b6f059fe24,MISC,96,512,8
330e07d841d644d75feb4b8f,MISC,96,512,8
259e760f759e333f72843ece,MISC,96,512,8
6b02846e0b92da70b143c781,MISC,96,512,8
50d5578f4f7f46607c5c7ba1,MISC,96,512,8
73fd358f30ce231e9c923656,MISC,96,512,8
5b2230e9d4f06390cd246df3,MISC,96,512,8
3b53844f3c85dcab47e45f1a,MISC,96,512,8
37bfee8f737af5324bb0e9f9,MISC,96,512,8
15ebb165b342e7425b4db2a8,MISC,96,512,8
b59620780277832b21848f3c,MISC,96,512,8
a052d5eedce297d15d8bc041,MISC,96,512,8
33cc6b39ee636ca72d3b7587,MISC,96,512,8
d97f0c358d84ed2ebd0e773a,MISC,96,512,8
e14a384e15a6e4f923eb84aa,MISC,96,512,8
f30db119a0d9ea26ebdab177,MISC,96,512,8
f4828759e01d86fd0b55ec4b,MISC,96,512,8
62a2ad2526ffc9134533056f,MISC,96,512,8
93f2aa73a433e85a66f1a589,MISC,96,512,8
406434e56cf426692a4762b6,MISC,96,512,8
d674e1004bd5b0f4573eb927,MISC,96,512,8
406ea58b5c52c4fe12c45a69,MISC,96,512,8
9aa529a6d2f2841e5a640999,MISC,96,512,8
648b64346d50d1ac0eb46134,MISC,96,512,8
faef971f8e59ce748c2ee852,MISC,96,512,8
7c4d42a16e54f9bde6909d5b,MISC,96,512,8
eed799f1351035a450b92e12,MISC,96,512,8
892a707388e76b38f704f1b5,MISC,96,512,8
047b3b114e3a7149f5debddc,MISC,96,512,8
46276cd4cf7dafc29d07eab2,MISC,96,512,8
3451fa0c33761746e2373a2a,MISC,96,512,8
7974f1d38a849f2dfd0908c8,MISC,96,512,8
7dcbe3b8c2315d51baacc5d0,MISC,96,512,8
3aa877b58d6294192ab3fd71,MISC,96,512,8
3ea0f9a19f657eb87ed79dc4,MISC,96,512,8
e64a6196dbaebd8ecf45b1b2,MISC,96,512,8
12293bcbb049bbfcbd9b4763,MISC,96,512,8
b80e9b732427bbb013e63b4a,MISC,96,512,8
65c9d6038171340ca67c845a,MISC,96,512,8
50c764d22aa7e1dee2506f18,MISC,96,512,8
d11f253a9d15ccc38f8df606,MISC,96,512,8
72d25529b7720627a2f89a84,MISC,96,512,8
3e3917aa7c6f8ece5320cf45,MISC,96,512,8
1aafda90cc6f46f0f4f90e32,MISC,96,512,8
6884752e3565b15cafe14218,MISC,96,512,8
584c77944feea4b85097cf0e,MISC,96,512,8
3cd95a29bfb7b7e871e4e031,MISC,96,512,8
5aef6cc447b822ae43f486a1,MISC,96,512,8
81e9cdeac37d97874e07959f,MISC,96,512,8
a8105b132e45f844f000e4c9,MISC,96,512,8
dc45593f0bbfd6eb87af7348,MISC,96,512,8
e2e95c908f55a17d69701312,MISC,96,512,8
2cb30ff4df6701143e0af3a0,MISC,96,512,8
69e324d445776ec304f5a30a,MISC,96,512,8
9cc38e07d4f2f92c0db48488,MISC,96,512,8
929b96c2c0ca1ff8e2dfeed8,MISC,96,512,8
31d13bbe98ed2d4e4df24dc1,MISC,96,512,8
76508d34c578ba91596d3319,MISC,96,512,8
851d52e9301aeafd051e2f2b,MISC,96,512,8
b7144818044ca30aaef7ff1a,MISC,96,512,8
548a982cbc7bcc752035c14b,MISC,96,512,8
13fb08d051127c39f7e87f04,MISC,96,512,8
70863dec56a44d43d9c77ba7,MISC,96,512,8
5e65aa85d50fd4b7a4fbd6c6,MISC,96,512,8
a59d8e0c2812f0d866cd1c5a,MISC,96,512,8
72589c833bbdadca0cf899e7,MISC,96,512,8
1cd12036707dcd282a55dfa7,MISC,96,512,8
2031d5d4fcebfbd4fbab58c9,MISC,96,512,8
ccf15eb1c06c67ac6bf1b696,MISC,96,512,8
705fab6cded89c315801d44e,MISC,96,512,8
b3b0cd5b2cbf3336bb62d9e1,MISC,96,512,8
a519494043ded4a381ef372c,MISC,96,512,8
94f2961239dc5c855088c15f,MISC,96,512,8
1dd738936365aa420b44dba1,MISC,96,512,8
de5f5fc9de4ce6a14eddfbf8,MISC,96,512,8
ba48c1435a1b4dc8e275731e,MISC,96,512,8
f7463287bb20a802d3054f5f,MISC,96,512,8
5c36ee081cc89f66712354ca,MISC,96,512,8
686a5549b0ebadb11bcbeb1e,MISC,96,512,8
db0c9099a2c4c67d891b38a3,MISC,96,512,8
c597c3f620e69866c7e9af2b,MISC,96,512,8
8a4f160727164afc23722b4f,MISC,96,512,8
521cea4ecd0b8a6ec40a67bf,MISC,96,512,8
5e7a72b972c6ed6960c51c2a,MISC,96,512,8
09045f8d0027bdda4705bb83,MISC,96,512,8
4516925ff6b7b5c6e8a5e6da,MISC,96,512,8
22db4bd3b96e67bf4da4b7b3,MISC,96,512,8
23f9009b1921a83b27fbca6a,MISC,96,512,8
07a757904c2974820f7f9dce,MISC,96,512,8
5a87a6f2b4a241cee2ea557f,MISC,96,512,8
2b8c83862a4bd55f90593014,MISC,96,512,8
abaaa5448665f25d3bc27b92,MISC,96,512,8
e6be08dcd2a45c05a403a416,MISC,96,512,8
98b5944833f481dff7606601,MISC,96,512,8
e2f8ae60abcd9685e913443c,MISC,96,512,8
220c9dac1d63740eeebc87fc,MISC,96,512,8
1276c88236bd5b94e9d0021a,MISC,96,512,8
1465a37f156f80e0687d8fff,MISC,96,512,8
44cc001cf271712690a49b79,MISC,96,512,8
bb098219cbd23ff558c89ef5,MISC,96,512,8
552b785cab38e4388e19c58c,MISC,96,512,8
4c6aebe787d2d2a6cb7ab705,MISC,96,512,8
00b7e2d6533605d5e931b00c,MISC,96,512,8
cbbd429873e443159a84e71e,MISC,96,512,8
d0ace3e668c5ad3b7f97d39d,MISC,96,512,8
aae7562491d5b4467c9dd88f,MISC,96,512,8
9d860e17c50f8226eb853943,MISC,96,512,8
c0b4749b71aae21cd6c26df0,MISC,96,512,8
ab8844aaf1ceb8329f8b4529,MISC,96,512,8
78860d44ddf400bdea3a58ba,MISC,96,512,8
b360a833fa1de2227f341c6d,MISC,96,512,8
081398694cba03a36ebd1280,MISC,96,512,8
3836690bfb8ec600b48c86b5,MISC,96,512,8
34c2506b0fd012a7ba49cb71,MISC,96,512,8
1f66fe9833f1610b512177e1,MISC,96,512,8
17cddff5b1a3c961b9b66f7b,MISC,96,512,8
eb443cfb921d36b83356e990,MISC,96,512,8
20c6a25579c42480982daf72,MISC,96,512,8
86019602c79b32e44732565b,MISC,96,512,8
930430779782ec325e67b557,MISC,96,512,8
5649502d2091bb411a84cf5e,MISC,96,512,8
36c1e69289442a9a10281123,MISC,96,512,8
78ad1a1d5fc02a96b2d88de8,MISC,96,512,8
2592210a2334355c236cd1a7,MISC,96,512,8
c562346775b25205e47224f8,MISC,96,512,8
cb641d134437a2d7ae0864c4,MISC,96,512,8
405d86056a38bc086a130c73,MISC,96,512,8
e81f3a4340c6f6ac426a75b5,MISC,96,512,8
6f7629e8469b605c9ecfb5ad,MISC,96,512,8
cd8c8e6664db90fed4d35536,MISC,96,512,8
5e8c598bb9b04268b25305e5,MISC,96,512,8
d2fd6c707c3c1c7d85b567e0,MISC,96,512,8
477fec6ed92bedc75a16f338,MISC,96,512,8
75dd68490b1df5ee5853133a,P100,64,512,2
5327ab7fc44a9059274d307a,P100,64,512,2
4bee9a476a8db9b5eba6d237,P100,64,512,2
64e5dd3878ccabf307d1f1c5,P100,64,512,2
e559ecba66839d36c5ffcd00,P100,64,512,2
2433aa1b12f74be6a21ed57f,P100,64,512,2
8c766fff82719a9099c6acbf,P100,64,512,2
078584ad64bab215d760f800,P100,64,512,2
569988eb0d299fbe05a23280,P100,64,512,2
716faf35b16c779aee9bd0a9,P100,64,512,2
b1214367095ddf87a6c3a4ae,P100,64,512,2
18fefbde790e28f8a98c1a4c,P100,64,512,2
590ed26c6949542f93efe21b,P100,64,512,2
abd9ac333dd021cd13d75384,P100,64,512,2
01a75ccce109334a5e06c899,P100,64,512,2
ba93350dec32b9591e17f3b4,P100,64,512,2
7208a4ff8fbe08a4adbf0e86,P100,64,512,2
e9950881c6e68e210981f66a,P100,64,512,2
0addb3777316a5465e5b71bc,P100,64,512,2
ef0662f7dd799402735547bd,P100,64,512,2
e0279fbea05559d6f4d01863,P100,64,512,2
59213f8394d7cde50783c910,P100,64,512,2
d85f10fea9948c1b471b05a1,P100,64,512,2
34ff670729b854702064bdb9,P100,64,512,2
77f39451cfab687769b9d77d,P100,64,512,2
41ff0c52e0838ba624be3c64,P100,64,512,2
055e994719172b7961fe1d8f,P100,64,512,2
2a534157c9741750a06ee3b3,P100,64,512,2
acde394ba915a2aee9e4c0b0,P100,64,512,2
b457dfd090be299bff18e485,P100,64,512,2
bc4f7c2d7ce7986ef7bafffe,P100,64,512,2
d89d552906df7db73247ea68,P100,64,512,2
4c950e6895f9484851187e03,P100,64,512,2
61dde743c6ced79b913c5384,P100,64,512,2
7e909a07c35da76fd5431052,P100,64,512,2
c4840e4180c3b96f7b596920,P100,64,512,2
d43611ee6081e8887b513d17,P100,64,512,2
5899d49363e88273537731d2,P100,64,512,2
4e0a1c8983d37771da3e4c41,P100,64,512,2
c125c0714c835a488e652c75,P100,64,512,2
c2b389cdc10b77a3f7e1ee81,P100,64,512,2
1e1024421725ac2f90fbffc3,P100,64,512,2
398937c6e072716e2bac7448,P100,64,512,2
226ab72a88b72d6a8b18951d,P100,64,512,2
8577526eaec8e76ce72c3ce8,P100,64,512,2
8be757840522a6e5c1886c90,P100,64,512,2
1888bc5382479bb457f29b2d,P100,64,512,2
310fb4f7c84a14b242041e47,P100,64,512,2
97ff3ddb07b1f4a35f1c55e5,P100,64,512,2
9f4ea5a20bec5b39e2d740f8,P100,64,512,2
5b8f8438f5698eafdf514735,P100,64,512,2
2bff681c35aa5a419e47e7f5,P100,64,512,2
f5fda28b11628023d174c754,P100,64,512,2
b614f604257abd4261a7aeb8,P100,64,512,2
08b63d20508257c385d56bb0,P100,64,512,2
b2b2a5444b05849679adbff0,P100,64,512,2
26034cb051c1396c1a38ad2d,P100,64,512,2
54aa124a91a1ba9528efcdd4,P100,64,512,2
1056e0cebe872dd1355ad263,P100,64,512,2
4944c307f8017396b26f1ea3,P100,64,512,2
6e23af6cf1a1beadeb56d430,P100,64,512,2
0f6813acbf065a8676798c7e,P100,64,512,2
9babcc29c752a34ed3ab75a9,P100,64,512,2
324dd35000f601b63aef858f,P100,64,512,2
bbf9a4644b4afd419eb19b62,P100,64,512,2
16663bec927b4d9127dd63e2,P100,64,512,2
843323d67885cd509fefd944,P100,64,512,2
f0952dace2c8ee903a89618c,P100,64,512,2
2497d869755ec9ee6b58ab01,P100,64,512,2
98e041eb7845bf608ed2484b,P100,64,512,2
3dc0dd63954b178bc0be8556,P100,64,512,2
8a881f9efec0340153c48089,P100,64,512,2
bcc261810327ff95a511b5b1,P100,64,512,2
3a89baea4b2d0e129c115071,P100,64,512,2
1ec8516cea9ff5f53bdf146b,P100,64,512,2
18e37c1634fdb5d877e13196,P100,64,512,2
b767ff2153f26e2bdb5d464f,P100,64,512,2
11de7dca12bc2f66efff313b,P100,64,512,2
9eade6a50df6a995e9c174f8,P100,64,512,2
5d8d3f4e8c0cf4aaa88e33d9,P100,64,512,2
d05d246fe7de4fe8281b1c8f,P100,64,512,2
3556391400907a2fc69eba05,P100,64,512,2
8fa2cb5ca0d08ac7950d5571,P100,64,512,2
c7570da05f384da8fec70a93,P100,64,512,2
1c64393d5aa5d1a6bbce2fad,P100,64,512,2
401ae96dc31fce255ee5a631,P100,64,512,2
a4387634c3b5e596fb512a0a,P100,64,512,2
807d60a12b1ca84758500f27,P100,64,512,2
7c6400018875653a92947835,P100,64,512,2
d0829906df60f1fbede1fe07,P100,64,512,2
2a80f79a43f396db96c97841,P100,64,512,2
90d1a1feaa5a328c40246b5e,P100,64,512,2
3acf540450993f8dc9231e4a,P100,64,512,2
24ed7ac8e09f40cc3c00295b,P100,64,512,2
f5fb3b71c9222f51d122b76b,P100,64,512,2
bff693606f23d7eff5b28e62,P100,64,512,2
5f981fdf134e9ed3519ef88d,P100,64,512,2
79c56ed3709f796adcf3ff39,P100,64,512,2
7da3ff31bd335c374a494d45,P100,64,512,2
75268574df9f4dea8ed66a6a,P100,64,512,2
d666ed8ef018e373bb8802ef,P100,64,512,2
5314a2945ca0cafd45c5516a,P100,64,512,2
cec2ded0639426d1813642ca,P100,64,512,2
c141a45a8cac716090afedef,P100,64,512,2
c8f994148f7ee5ef41fc0d40,P100,64,512,2
6947ad165bdc4f4ee644bf48,P100,64,512,2
54ad3dd8e90a0106a5de7b94,P100,64,512,2
1f67ad5885568e8810d6f990,P100,64,512,2
f44d12ce9ab452cea307ac76,P100,64,512,2
85054e595f9001cb66de24f1,P100,64,512,2
5ad9d9d305221fe3816b06ac,P100,64,512,2
c011b1876a747a2b3943cc28,P100,64,512,2
b08aea09d15f5568887d81be,P100,64,512,2
c8a806963ff74b1fd3f6bd98,P100,64,512,2
e5c48af71c2c726b5ba7d0cf,P100,64,512,2
ad7bcd1b3ded4d0e2d84f9ae,P100,64,512,2
add14e5f297dd42dc142d61f,P100,64,512,2
f1537ec3eb5b8df97ae38d70,P100,64,512,2
0054b042d12d996eb494f4f0,P100,64,512,2
7a7808df343f2d08b3280eea,P100,64,512,2
3dd162cc8bf3de03860b82de,P100,64,512,2
98dda0acd23f13d58f6db5f4,P100,64,512,2
e180948ece87d3e427783aa1,P100,64,512,2
6d003c328734fbf065c7c624,P100,64,512,2
4aa788254c9ec895bcd70823,P100,64,512,2
c4b1fae326d9cee0cf7f40d4,P100,64,512,2
0a4da34c458ab23b59a4b4a8,P100,64,512,2
04b4c63967144c630f9b4f01,P100,64,512,2
61e29fddc07cc9cd9b96c4bd,P100,64,512,2
f9deddeaae918c501b3b6143,P100,64,512,2
db1189256476ad4d221901d8,P100,64,512,2
c2b3c10c7293afe0ee1ecd57,P100,64,512,2
d12835c7f3cc0636637ad56f,P100,64,512,2
24d08cf3284d71d8e9442b8b,P100,64,512,2
f9d345d78f4e5f6a54fe5adc,P100,64,512,2
bba2633c8e59baac73b2f45b,P100,64,512,2
52b4ab82cd83f845925db2ba,P100,64,512,2
2a3cd2954bbb7136c1f1d12d,P100,64,512,2
7881c2529d3d30a3918041a1,P100,64,512,2
ecefb687419faa1c8fe9eb59,P100,64,512,2
e6b08d48db47adf56b9d79ad,P100,64,512,2
34f218bf1850d33c25aae823,P100,64,512,2
d28bafac309bcc1f44275f6d,P100,64,512,2
78fa94e3ac81bfa9bbccb589,P100,64,512,2
854b297e8f5b490b73286e38,P100,64,512,2
b9fc1a7d2da9c50c648f2129,P100,64,512,2
94356411376bd738ae16dbd8,P100,64,512,2
b859ec249fe5e41de8ae0a49,P100,64,512,2
f6524a1980b2e4ee67d654fa,P100,64,512,2
609e1fa37a5a3bfb4a622459,P100,64,512,2
280991ef82900b4e9c0741b8,P100,64,512,2
d7156458f9f60f6c947c2595,P100,64,512,2
f7b994450c653303b9fc1684,P100,64,512,2
6b1d43a0ecb5ffe31fb93b37,P100,64,512,2
77a8e118106b395a96d448b4,P100,64,512,2
16789e3783db2879ac105f47,P100,64,512,2
cbfad234dd317b0c959628b3,P100,64,512,2
5529607074d792be91e67e5e,P100,64,512,2
3d1398aef2edff93aa5010e7,P100,64,512,2
19ca53257b8e2ac5107ea44c,P100,64,512,2
6b06f997bf0abb586d995409,P100,64,512,2
a6360335471d437c09ef0b55,P100,64,512,2
35588d88a72986b121b3ae70,P100,64,512,2
08f6453a07c59c001b913533,P100,64,512,2
7ffbcd76d50bf789522dba85,P100,64,512,2
836b374ac500a3dccb2c109c,P100,64,512,2
25eac0c6ab20a4c577d734e2,P100,64,512,2
2c6dd69b6ab75bc853cb2cc1,P100,64,512,2
f3c4e6247ea647edd59cb4f5,P100,64,512,2
2a946de277b87123153f202d,P100,64,512,2
a19163a4b407b4a29671c940,P100,64,512,2
13963ba0234eed6c12dcd2d4,P100,64,512,2
15e3b6229949cef418165a8d,P100,64,512,2
42b99e21fe03277751198971,P100,64,512,2
e6255a24275caff7b67f96e3,P100,64,512,2
a3beaa1c222b8b5498470170,P100,64,512,2
ea84dee08d2069d84b92b75e,P100,64,512,2
e5283117634b756633d5c856,P100,64,512,2
05bb3d19fde1b47ae297a417,P100,64,512,2
1a98f5ac026c7fad5f9c0476,P100,64,512,2
ea4ca2ac075859a51015bce4,P100,64,512,2
f1af3ac40402339823af0f69,P100,64,512,2
71441c28a10d79b573d50f97,P100,64,512,2
978d466b0b66b2f72d0150e2,P100,64,512,2
003357a5d5282ec3972d13c0,P100,64,512,2
b860564b97bd12a228fe45a1,P100,64,512,2
bc4568ba4c0a5a3eb3da2a3b,P100,64,512,2
09db8cd3f43bacc02cecfb3d,P100,64,512,2
6832389deb89fef0a2f27a91,P100,64,512,2
054a5a26bc1ca31ba9b60601,P100,64,512,2
b7b30cff8982e727883bc357,P100,64,512,2
f8bc7de3b209b43125bb976c,P100,64,512,2
5ad5ea3f16b15fc739366666,P100,64,512,2
6f03ffaab599b969201da583,P100,64,512,2
f7a30ce8b8e941ba6dea8676,P100,64,512,2
3dae327a2299352cb19f32e6,P100,64,512,2
406a81d51062f1f9170e7991,P100,64,512,2
3e4b5b1f3cd215bb2349b2eb,P100,64,512,2
5b676c46381e83fcdc1f280f,P100,64,512,2
00aca879087ef0de2b2745e3,P100,64,512,2
2b4755959c41f01225885f99,P100,64,512,2
9c6e47dac417be5200a52e1a,P100,64,512,2
2e15c431743fd9947555be5a,P100,64,512,2
0899723cde95b85cb74e509c,P100,64,512,2
cdb7ada0e26364296064096a,P100,64,512,2
4215e2469bedc609cf38b0c6,P100,64,512,2
42c59685947400363b47a59b,P100,64,512,2
4abdb37c4eac46116d28e2ae,P100,64,512,2
f9721e1231e39efb78737d02,P100,64,512,2
4d83a0bd244516055e868ac3,P100,64,512,2
12c436579452f7f3ac1e9a7d,P100,64,512,2
ba9218e50a157f6d32e5c193,P100,64,512,2
c3e36c5d3bf0065c47f19a0f,P100,64,512,2
6cf8944fba1dc5141e5a7442,P100,64,512,2
75823636c414e5941d21c928,P100,64,512,2
20f405b8cb967931c6345b50,P100,64,512,2
4b9b0b19d913e6eeb4f8b216,P100,64,512,2
a95ec4c4d70af54966345824,P100,64,512,2
7c480a03f59ffef43be1c141,P100,64,512,2
af32ae8e27fd0847891e1bb9,P100,64,512,2
38abcf7b81b0318213df522c,P100,64,512,2
68ca73911465eeea8f3a8508,P100,64,512,2
b8a74022243ef4b4389b216d,P100,64,512,2
5a6e5d0068c21c9321d0dc52,P100,64,512,2
094548706647e38b78dec044,P100,64,512,2
55ac289281a91fbdb257c9ad,P100,64,512,2
da61498d4b30ab5365546765,P100,64,512,2
b7a4a0b442489e0fc3eaad18,P100,64,512,2
ca6d2bbed3ccf3043410bc8c,P100,64,512,2
429e03c637f93bd81e6a82c3,P100,64,512,2
a10916c2ade9bb2bd71637a8,P100,64,512,2
70cbe4b727167faf2c088d4f,P100,64,512,2
e013ab096c44358fa5a28edb,P100,64,512,2
cfd6b92ad9cbe4d1741325e9,P100,64,512,2
3d3d462bad84c99bb86086fe,P100,64,512,2
d31e27417ccb544f94e1ded9,P100,64,512,2
3ab3f0d1523f7edefcb09560,P100,64,512,2
49d98ea7fa180091f8c6217a,P100,64,512,2
cd7261e0b73bfbdc1f3361e1,P100,64,512,2
7e5f74c2f62309ef9d8b934e,P100,64,512,2
469291b0c4a7411c4f025da7,P100,64,512,2
1b26e4a57491f4f2e3e2e4f4,P100,64,512,2
6ac495fa94760c8b654bfcb8,P100,64,512,2
ebec99dd3f061917a429db17,P100,64,512,2
45f67b9e1babcb9070542997,P100,64,512,2
2296865fa60578f15160dee1,P100,64,512,2
698bbd8855b7a4d00f4ec8ca,P100,64,512,2
1dd729505c6f33545b61012c,P100,64,512,2
debca9c9e67ecc40c4ee0838,P100,64,512,2
658925b06edd219011618b42,P100,64,512,2
df2657c90eebc406289f6dc2,P100,64,512,2
7da6a6210af1608894800733,P100,64,512,2
d83d3d34c0b3176da86f9ef1,P100,64,512,2
fda1cf4c62fc56bf82379cbd,P100,64,512,2
e536caeccf0bea095bdfc4a5,P100,64,512,2
4bd8622d5892a842a6e06299,P100,64,512,2
b2c1b866062353b84946c137,P100,64,512,2
093c2f9f073aaae9483ff6de,P100,64,512,2
f2086cc7d96d63658fa296ef,P100,64,512,2
faa4b100105758f73f101b48,P100,64,512,2
b4e09e04db5ca9960bd98e0c,P100,64,512,2
22747f3d8cc0aba522e4961d,P100,64,512,2
eb3167ff52048fe850620eda,P100,64,512,2
f3e024653f59188deae435f1,P100,64,512,2
8a2356f3c9745284d58c17d2,P100,64,512,2
5005eb5b8ad8176a4c3b8833,P100,64,512,2
fc1e8af45921a4d805063253,P100,64,512,2
5ca0e54ec566cce5e56bcd69,P100,64,512,2
9087b7aac8134afd207cacd3,P100,64,512,2
d472bda297c5ad026dbb5fde,P100,64,512,2
ec4d4731800073dae6794843,P100,64,512,2
8dae232ddc8954b66629f234,P100,64,512,2
c1e9a5aa64330f23c6aaf925,P100,64,512,2
1b2cb5f0b1c4d0e82c6eb0ba,P100,64,512,2
f3f06540949c7c21d12d3698,P100,64,512,2
5071d8b1188aafa8ed414afd,P100,64,512,2
3d7b69d5d1507a303566a4fc,P100,64,512,2
e36431ae6432e63fcfe10903,P100,64,512,2
3f548bef6d5d4a8d40671633,P100,64,512,2
2cc1f9a680c37c4a83248868,P100,64,512,2
e22f5253ebc4fbdcde3c4d03,P100,64,512,2
367c533c45c1b2e70d1fa147,P100,64,512,2
99d5990ce528888980abb5c7,P100,64,512,2
588f413d803d797ae321b5ac,P100,64,512,2
cba8e27db1889ed7d3305132,P100,64,512,2
52da424879bec18acd6164aa,P100,64,512,2
8bef16ed3e39e4d590b9a114,P100,64,512,2
969f51bf1fca52c37aa0f08c,P100,64,512,2
692cea068543d1655aab44b0,P100,64,512,2
8635276edf02d571d3fdf8b3,P100,64,512,2
a6b58fa79f77a280e7987252,P100,64,512,2
9136b37ab823266667c6f738,P100,64,512,2
34d2fc05f0651f1c89ddc0e0,P100,64,512,2
0e1e4d35d30d047c9fab541b,P100,64,512,2
9817186961ef1d6f8a3063ef,P100,64,512,2
af01c38a3bdb039c7e1959e8,P100,64,512,2
25ead171b786cf93ffe13968,P100,64,512,2
2830734b042aa2218348ce64,P100,64,512,2
529223e7f6071d829d766709,P100,64,512,2
c8a9d623c2f3db3397a0a033,P100,64,512,2
471dda9ed84965451e042145,P100,64,512,2
3bca7634ae2cd7019f29105e,P100,64,512,2
b8c5c2c20e737cd15fb38182,P100,64,512,2
4a84baec87f72e04bb6fdc18,P100,64,512,2
df0988f6dec2a89190e5c725,P100,64,512,2
2a37440321d7b047ee10493e,P100,64,512,2
7c4564259d6452689912f85f,P100,64,512,2
dd1507ed75612cd3110159bd,P100,64,512,2
ef9a1b2922ebb81f5792710b,P100,64,512,2
13a4efc26b21f0789828024e,P100,64,512,2
75876fcfd3204c0f15efa616,P100,64,512,2
3c4af9c9b5db2d0a07860338,P100,64,512,2
145ed73fd61c2a9e72eafeb7,P100,64,512,2
a186ab0baf33b3f23463a034,P100,64,512,2
0ba6bdb8c5627425b893290e,P100,64,512,2
3f1075af549e4b8963c5e80b,P100,64,512,2
0c966aa6e7204a4a80a810a2,P100,64,512,2
50bd7e196c54a79e1c538ddc,P100,64,512,2
f10522122728593c6b64448a,P100,64,512,2
fcc11deffe77f85056b3f485,P100,64,512,2
fe94a0d8593243c020dc7087,P100,64,512,2
d468029748c64ead1255c180,P100,64,512,2
af78faafb2418aa68bf34298,P100,64,512,2
caef832d71af0406ca8893ae,P100,64,512,2
91516b9fb2ec988dd9f40923,P100,64,512,2
1347bbd8fddbc11a68cfae7c,P100,64,512,2
dc2fb461177fa3f2f355d27d,P100,64,512,2
14e0936dda7a1627002f1b0f,P100,64,512,2
2f1c64e987fc1c2ffb924e71,P100,64,512,2
3c2f8a7995e45cd4b79cb948,P100,64,512,2
d6a56a95c3417481a2d91e09,P100,64,512,2
7e201f8b3ad6a9c8ee58113e,P100,64,512,2
39d7370b4a01d9f92640e96c,P100,64,512,2
35a0e743dd2a361bf317bb3f,P100,64,512,2
417c458ebc9b46e36b9f6130,P100,64,512,2
f40da71ebbbd0949998afeb1,P100,64,512,2
21ab905f11f54e2174e94d68,P100,64,512,2
e8a3b2aa76158da582b9f165,P100,64,512,2
e00abe4cd5ec77a0219a2138,P100,64,512,2
da452f175d07b274ec9c51d7,P100,64,512,2
c7b1ad774f4df794656568da,P100,64,512,2
15f1988ff6ad4c90552293e2,P100,64,512,2
b91560c8f2a13dafa587f4d5,P100,64,512,2
06e72c2b9908055cc13465e1,P100,64,512,2
8e022324a5358b049c4ad4c3,P100,64,512,2
c2f63306b0275a9df411ce39,P100,64,512,2
0125f79f407c3c3710b9cc10,P100,64,512,2
b3bd1e991d9946b8ea83c706,P100,64,512,2
33a0ee5bd1c64d7ad773b549,P100,64,512,2
86bbdf634f110e97fe246815,P100,64,512,2
caf39281595f39897d89cabf,P100,64,512,2
908b9491de34017ccf964d5e,P100,64,512,2
456f60074d6c471ebb5dfcc5,P100,64,512,2
a760625eb781e4ad250c3c3c,P100,64,512,2
f289db7b98f1f8a175bf36ea,P100,64,512,2
5b52cac2bacb10dd1a5e8cf6,P100,64,512,2
2a8567b74e3fec852d71937a,P100,64,512,2
31180a7c410df77a6e81a319,P100,64,512,2
452634acb07396e138d7f620,P100,64,512,2
8dcc19c5fcfee0dba8e9e493,P100,64,512,2
0a7df735c26a986ea8cf3331,P100,64,512,2
3e49e1e7bfcdb50daf6aee3c,P100,64,512,2
d4f54f7e5cf18341942c47ef,P100,64,512,2
155bc8a6f0164b325025b26d,P100,64,512,2
2f37546b63e0d95fe07810db,P100,64,512,2
f3e91c2e2746013d4108f4e5,P100,64,512,2
0dd32390a55c2f17fa8e7d01,P100,64,512,2
22bc13d460d6bd0820476dda,P100,64,512,2
12d3f4a468e47cea6800147f,P100,64,512,2
0485ada806210ab72dd34483,P100,64,512,2
d4784aaadd6473291bc912c8,P100,64,512,2
d010f67d1ce4069aefc2ebe7,P100,64,512,2
44dca621c905a5c970ebf417,P100,64,512,2
10a7b863daeff0818da1a077,P100,64,512,2
d82567ef60aef38b1cd69530,P100,64,512,2
d4f89d6d5df5d306950b73c7,P100,64,512,2
187957083a409ba9616f1b9f,P100,64,512,2
6234de6a5b250d10bfff5213,P100,64,512,2
ff82d9bc396cda91ba7b4ce3,P100,64,512,2
cbde81e589957094af6d1793,P100,64,512,2
a7efbcd1b6042f511ed9fa05,P100,64,512,2
2257b3fe248d7a41919010be,P100,64,512,2
137e86ce1bc508e64d5fc5ee,P100,64,512,2
62803827c565a380482650cd,P100,64,512,2
308a47aea453c91f3e515aff,P100,64,512,2
98ca3590ccfbb7a896343940,P100,64,512,2
a23c905b53442f8d6648559e,P100,64,512,2
d78e3856228d5a92e231bd46,P100,64,512,2
3aa20cb82e4c4e4cd5a33661,P100,64,512,2
aa5f030733e212b5a19f0231,P100,64,512,2
6e29356ebc3b1ffdbeefb0ad,P100,64,512,2
54d8c5b07466553f6e1821a2,P100,64,512,2
ac5e2937b7b19e8d32e5c45d,P100,64,512,2
26951761cbbbba9bcd12cf56,P100,64,512,2
fc9cbfefbe7032deb42ba3ed,P100,64,512,2
7ed229c55d8689e099ec4ecd,P100,64,512,2
e1e4e1811c2e9773bccece40,P100,64,512,2
82f18938560e3deea9538fda,P100,64,512,2
5e01c08f4ce681fbfab5e83e,P100,64,512,2
ffe93e263a503bff83bca28d,P100,64,512,2
999c5cbde1ce49ec0f6a9293,P100,64,512,2
f5acde2d0e76f4a2d4d9863a,P100,64,512,2
4fffcff35c7a3c676d8d5289,P100,64,512,2
d56675f4968e5cc6c1a2b399,P100,64,512,2
97bb70988572b08a990c4464,P100,64,512,2
fdef4e37988aff792e018d51,P100,64,512,2
dc6f3a9404881ff4292fc312,P100,64,512,2
9b3fda6d42ee9cbcb057ff31,P100,64,512,2
a65c33027a7f6663c4b088ba,P100,64,512,2
36051df661bcc3297b2ea4ba,P100,64,512,2
d0ecefb562ff5eaf96927d49,P100,64,512,2
b3bb72f1a9d83834b7459073,P100,64,512,2
354d602e9e604a13d342850d,P100,64,512,2
af61f534ce8825b2578481a0,P100,64,512,2
f69d58765bae02c8ae2dd00e,P100,64,512,2
7007bcfc9ab15c7918741bcb,P100,64,512,2
10c1ff649613fd1da3655fd3,P100,64,512,2
50fc22ec88009b54e5fa0aad,P100,64,512,2
0cf65a70fed8bae00fc20079,P100,64,512,2
0e457ffda17ed75c81ed2e8c,P100,64,512,2
b557fd2573d4e4b3f9f382ac,P100,64,512,2
2e4a8989e9feaa14ccc75128,P100,64,512,2
a99686ef652e6c140db07f56,P100,64,512,2
a8902396c7b3873dc56ad25f,P100,64,512,2
70167831b9264656947ba94b,P100,64,512,2
26452b6865ba1f8994f38406,P100,64,512,2
c72b499b21866d53edebf49a,P100,64,512,2
dacdf63925927f3c69b537bf,P100,64,512,2
361a85beb3045c55e522402d,P100,64,512,2
9d1148dafd4d3332d41738e0,P100,64,512,2
41f45706f418b995523511b2,P100,64,512,2
927635935709aa5d84742d92,P100,64,512,2
c5cb98982568c96b92e0083f,P100,64,512,2
0c4e5781cf5b8db696891d21,P100,64,512,2
fe45cdd48a39e501dd8c636b,P100,64,512,2
9b003b7cf1a3df0627a3fce6,P100,64,512,2
cfa49b4b90c56a0c9f843bf0,P100,64,512,2
ddfd773ced898d8989fd410d,P100,64,512,2
c98ccd304e831c87d0aa7b92,P100,64,512,2
5196bc43f3e33aa30ddbcf7b,P100,64,512,2
983006585848c27354f19ddd,P100,64,512,2
b0f85ee39acfd91fba840500,P100,64,512,2
2052002b449b977752a3cf91,P100,64,512,2
e5a137d8deac3fcc42683bd5,P100,64,512,2
1388fcdf1a384831d4c31809,P100,64,512,2
35466f6265ead47772ff726d,P100,64,512,2
d2deff99985387bda15162e4,P100,64,512,2
3b7b7241f12e7a162f25c8ee,P100,64,512,2
27abdd7f2264dc9ca8a42f1f,P100,64,512,2
1836d6c3790f1fa000727714,P100,64,512,2
4366659bf0beabdc9aebd9e4,P100,64,512,2
6a95b0f1693813d47fee5c0b,P100,64,512,2
05323555069dc97de30b9e37,P100,64,512,2
0588eaef6c3fa7cfa941def2,P100,64,512,2
dfe5f20c0fb263a2fdb4f76b,P100,64,512,2
c572a593fe6be8eb58d22ded,P100,64,512,2
76908bfdff84e1fd5b1954dd,P100,64,512,2
61f450a186e678e400a71c41,P100,64,512,2
c4f304a211ea5d706abe758a,P100,64,512,2
605b19edb193b98627ec75d0,P100,64,512,2
de3292f67466bf92c2f65f16,P100,64,512,2
52222ee4ff29f4ea288bfc40,P100,64,512,2
88148c61d5e020ce5eabdb28,P100,64,512,2
34ae2d717620860a7e6de3fa,P100,64,512,2
e097785646f465960c169335,P100,64,512,2
7e31afa436bf8d0898f48ef7,P100,64,512,2
7cb3d45f87e0c170e75c3e26,P100,64,512,2
1f46b05a79d06eb6019e5022,P100,64,512,2
004405a7896b1e55546dd4b2,P100,64,512,2
4f5d4bf6b5a769c898694e18,P100,64,512,2
203f2fcd7f59818d51dd6512,P100,64,512,2
478316e00035e15cdbe56b1d,P100,64,512,2
805eb4faef2b7608c5a95950,P100,64,512,2
5f93106a0bf6742bd3106b86,P100,64,512,2
17ff1bf5e8b8d6552e960588,P100,64,512,2
3f884ae310ec22a6b2d511bb,P100,64,512,2
d51820727f7b8ea0d9859fbe,P100,64,512,2
868c7ab15ed5d0a31b123f9f,P100,64,512,2
c45393215e8dddbcc4bce95d,P100,64,512,2
00cbf2e60435aff81a75fd44,P100,64,512,2
17809c9498fff5e7c4f1f535,P100,64,512,2
20b3a43a694527a864156555,P100,64,512,2
025114d11ad1d01b1ad8d6ea,P100,64,512,2
307728b462f0423c8f0e8396,P100,64,512,2
c74657853357944a52b3f79d,P100,64,512,2
a1cf9e0b2d4c2e9c489f9c15,P100,64,512,2
3f000e8884972b049f5621d6,P100,64,512,2
bbf830ea7915cf1e40c988bf,P100,64,512,2
c845ac4eed471c830617ab9a,P100,64,512,2
be6c0dcceda7a1596dcdb1df,P100,64,512,2
30755a69a63483186014edb9,P100,64,512,2
340fab37dd9314ee0ff66f2a,P100,64,512,2
932aa7e48cd08ae83b7c4b2f,P100,64,512,2
66d7dd02858e62013c4a4c52,P100,64,512,2
a9a719dcbfa80b65b295bde2,P100,64,512,2
cce6c0fdcbbbf29130dcfd66,P100,64,512,2
afd9c6ab8f5ca11cef2d6f4b,P100,64,512,2
67f0a93b16cdbb2c2a9e6b8c,P100,64,512,2
6b888a68b11426737d74a048,P100,64,512,2
1756e11442b6eb7c0072ad4a,P100,64,512,2
4fbf60cf30115d380fd8bb2f,P100,64,512,2
bec8311650eba9d524f493be,P100,64,512,2
7002f24e08da067e6b15bbbd,P100,64,512,2
23b482883b65a977ac6c3a19,P100,64,512,2
a23dc033ade6d7471547277f,P100,64,512,2
a5ca9ddf7693e8b53e864016,P100,64,512,2
c53b5c55946d1bf5d2f78724,P100,64,512,2
ce4f25d8768bc104608bc8c4,P100,64,512,2
34ceaa554018dbea4ff93f9b,P100,64,512,2
63f48ae673344456d85e4531,P100,64,512,2
ede8b8d0b240ea7d0f060e42,P100,64,512,2
808a993fff61fe906477ccf0,P100,64,512,2
470ce75314386d414efc4eed,P100,64,512,2
47702ef5e9118c7202aac361,P100,64,512,2
0f73504f4bde483d6eeb2495,P100,64,512,2
b06068b6366a623ad2935e09,P100,64,512,2
175160a372fe74469b2c7194,P100,64,512,2
a9e0809c197a166bbff22937,P100,64,512,2
2e4cedfbc687e1c9f4ee0769,P100,64,512,2
9a0ace56cdecc2a26f21deb9,P100,64,512,2
fe35e340dd91b799cada55d8,P100,64,512,2
764f76be4261e9d221efcc38,P100,64,512,2
f462a4bdc0ecadd2581ac7af,P100,64,512,2
87ac60a4af6af13f42288578,P100,64,512,2
2eb4f3902d7e485821106fb5,P100,64,512,2
01fcd59f174fc87a6423ae3b,P100,64,512,2
897b27e06413017365615dc1,P100,64,512,2
a4025e76fdd21656a00ef52e,P100,64,512,2
a1fbdc25d8d742aaef13135c,P100,64,512,2
4f7e9cb5475a40d50e5981bf,P100,64,512,2
dae8461cfb1031d9511507f1,P100,64,512,2
f26f3876c665a704d75a756f,P100,64,512,2
416b2fb5c3f68d7151ddc578,P100,64,512,2
c62829760dde698fcf440b4a,P100,64,512,2
aff8c35bd22309abd3b55c0e,P100,64,512,2
d79ab1fead6c58b42cb772ff,P100,64,512,2
7f3e47a7798a1d47123bffd4,P100,64,512,2
f519eff5326f5859205af6aa,P100,64,512,2
e43590f20ce91e21cf8f0062,P100,64,512,2
7895dd5e6e97ff2ef2d86c77,P100,64,512,2
ecdd64fb1ce6e4b62db09727,P100,64,512,2
affc6a668848bce5a7c076b1,P100,64,512,2
d9d962a0999fff9632c2c779,P100,64,512,2
825f07028b39b03a58819143,P100,64,512,2
7c53fdc2a3f93c3248cf799e,P100,64,512,2
666fb302862f44503f0ceb5a,P100,64,512,2
b69c46d435b23ac322e19d33,P100,64,512,2
a0ca7fa3c49214d2e1e71d5a,P100,64,512,2
0f604864531c5994091c9a7a,P100,64,512,2
1dbec8a6e35886b743bad3ee,P100,64,512,2
89a4d0ecb6a1a0b6f69affca,P100,64,512,2
8822661a76b030d582e9bbb2,P100,64,512,2
59922b32abd0af37e03664d9,P100,64,512,2
89ae6d09d0bb974b8ccdb545,P100,64,512,2
6a4e2d416ad9a213a6306687,P100,64,512,2
be4f5ad90c9943c9270fa5f3,P100,64,512,2
73f0c4dc6dda6d33f2d44c2e,P100,64,512,2
c6e7a177da1429010de718f3,P100,64,512,2
f60a70645593aa70aff2698a,P100,64,512,2
aa56cde8409703cfdc425fc1,P100,64,512,2
b2db40c72f1babe77b43b0df,P100,64,512,2
a7dda1aa6c3c5cb55eb1f58b,P100,64,512,2
b6c7381890554eac45df9958,P100,64,512,2
bfed4f8073f86f427e320abc,P100,64,512,2
246795d72c6e7e35df83751c,P100,64,512,2
e997be34f3e28c8b81773743,P100,64,512,2
771bbcde875daa6f32adabb5,P100,64,512,2
ea564b127045026442c4ead7,P100,64,512,2
656bc3263e7d69b45282219a,P100,64,512,2
292cecaf616d2df9ad4f8d19,P100,64,512,2
b5315c20ca28596a86a87ac8,P100,64,512,2
a2c3eb57cf6caae34f2605c4,P100,64,512,2
a0cc93c04c349a16eeedc1e3,P100,64,512,2
656f7b1d2a4956896624a64b,P100,64,512,2
f321e733e0b36d640fa52d09,P100,64,512,2
ab1fdfe0747886a54df192d5,P100,64,512,2
5f2cc65a6de4a553b0b0d033,P100,64,512,2
f26bcb56b7a682028e86bfa8,P100,64,512,2
00e7d79f2d98e299c6768cd3,P100,64,512,2
3d95b9b44bf53694a97f10ea,P100,64,512,2
7a7c973e63028a9e6a1a4c8e,P100,64,512,2
6143a882e525173a342bee10,P100,64,512,2
479fb9ecb354eec500fac4db,P100,64,512,2
325fdd41f5af00c724ace9eb,P100,64,512,2
ee687f747b42078c3614183e,P100,64,512,2
e30ad1196627b3f660d5e13c,P100,64,512,2
c4682a65dcbe16152862c98b,P100,64,512,2
f627d15bd3308e10ff8a46c0,P100,64,512,2
eb7d4602c48d18d5d5af6169,P100,64,512,2
41847911ae44e8d70bb6245a,P100,64,512,2
271c2ee0cb93045abf23973d,P100,64,512,2
a6402f78380ce4ba587da7a3,P100,64,512,2
9da235e1d3757124513876ac,P100,64,512,2
06687be9af284a7dc17080a5,P100,64,512,2
336d775438133fd36bcb1768,P100,64,512,2
7c6a5a8d412a02812875f3b7,P100,64,512,2
a7d0ba915f29074fd7ce8bf4,P100,64,512,2
7e93deb088eb289e0cc8adec,P100,64,512,2
8a03077d4d878a03fdc94983,P100,64,512,2
ec92a86df83e919c4c4c4acf,P100,64,512,2
1844a6ce85768420a1180983,P100,64,512,2
82e9063186bae563f34028aa,P100,64,512,2
03cc3e16b7a19fa383feabc3,P100,64,512,2
416962e72f876d027666b673,P100,64,512,2
21334358731a8e4a6c6ef11c,P100,64,512,2
49e50b22b86a209c84b3e021,P100,64,512,2
49e471fe15af9bf3e9f6b044,P100,64,512,2
326c24088e9e113e47ff87df,P100,64,512,2
46692287852c236fd483dd7e,P100,64,512,2
6506ce88fc7350ad8f94e19c,P100,64,512,2
6d42771171fa2edc683bed1a,P100,64,512,2
ca5e9fc0bead6abee7efe828,P100,64,512,2
e4c446b24e355089a84501d6,P100,64,512,2
7d24ef2c30b70ef27842e26d,P100,64,512,2
d0a2c1319bd38d389ba0bd59,P100,64,512,2
99e8a0eb98af3113b2c66010,P100,64,512,2
2dd55e718c85e5a9a9afe0c3,P100,64,512,2
7a28e4602bce9998c5f88cb6,P100,64,512,2
15a3b91c97adddd84f4a1c51,P100,64,512,2
38dc51a56f88c3620b267693,P100,64,512,2
00dd90f7f0fdc9b6e0341de1,P100,64,512,2
ac85a3ab8596ad7b6b22dc0a,P100,64,512,2
0eaf0f25ac6a1e90c8144590,P100,64,512,2
26bc5377595209e40aa301d8,P100,64,512,2
3917b09657b8f00ff8f69d20,P100,64,512,2
a07267a05cd46a13eb845166,P100,64,512,2
d90496020f131f3d1d548ccf,P100,64,512,2
f3cc4d36a8c3cc608fb4da1a,P100,64,512,2
ec0198866e58956bf6b74838,P100,64,512,2
f8b96d55bb4eaf2be1592b8f,P100,64,512,2
b0207f94dcf11420f3687885,P100,64,512,2
d41e729b6edaa3fbdd0ea306,P100,64,512,2
2cd43b3fb43fba159c577220,P100,64,512,2
cc57d5433743d52cacfe9407,P100,64,512,2
cfce61a6e29f203bee6e2510,P100,64,512,2
1e196e397209cdb12cd84153,P100,64,512,2
bfa34ab6bc871b89f8b7e46c,P100,64,512,2
baf036f661ec120f9e7c63f3,P100,64,512,2
a942e13087be80d63afaaf70,P100,64,512,2
f2dbbdd8a06e1a6339d33ca5,P100,64,512,2
b99adea139982d0673116071,P100,64,512,2
17e0a501bf65074b641b9118,P100,64,512,2
bc9f778614b7db7de39dabe6,P100,64,512,2
3a360422a1029ce82dd50bd5,P100,64,512,2
f3352907eb000093245fab72,P100,64,512,2
5f0040ef41025e8d1c0f2095,P100,64,512,2
6a9096e477baa15ddb406fef,P100,64,512,2
261af6d3cde7a04f19f93bde,P100,64,512,2
ff3114c7fb75a8e5da75bb45,P100,64,512,2
73318d022eee8bd36f84391e,P100,64,512,2
c446ca13cbb91cc3e5b29831,P100,64,512,2
6fc7101ca4578e63eb246046,P100,64,512,2
6f6f4b4a70ed571cb1349965,P100,64,512,2
35c567a67429dd4d28ca07ef,P100,64,512,2
3ca1a7378a29228321ce0019,P100,64,512,2
858e65d515886e6c7834dc42,P100,64,512,2
9adcbe9db0420795fc9bc211,P100,64,512,2
5371992402ba32e4fb464d66,P100,64,512,2
9caaa2144158cc7961ab5bb7,P100,64,512,2
ac03974adf94ecfe1f1fc80e,P100,64,512,2
71396b5d97077a0cd6dcd6c6,P100,64,512,2
1b34488eb31039c6e2e8cc4e,P100,64,512,2
264de7c1a630ec25368640a5,P100,64,512,2
54119956621a7a9e8b040459,P100,64,512,2
a5561e8ee917b0fcb6e65c3d,P100,64,512,2
75597cc5754dea0a08abd40e,P100,64,512,2
c3c32e7265156d8acb88cc33,P100,64,512,2
e4e8c79d065c4cd2899d9507,P100,64,512,2
f4bdf44adf1aac49906438ee,P100,64,512,2
baf11f00a91af55f0dff5aa1,P100,64,512,2
93d85da363b60ba14f11c683,P100,64,512,2
76416eb4e5dea18311518343,P100,64,512,2
c987967f4e4982445b305988,P100,64,512,2
549a227a1dfe0f0f43c4c4f8,P100,64,512,2
89a44e44648b5e5424234115,P100,64,512,2
0e96f6e9ba1e33c21b14b7be,P100,64,512,2
954e95b17c1d1f2f53c85dcd,P100,64,512,2
b9e54bd0034836ec6936b9ae,P100,64,512,2
44fafd6d20590ca7ecdd6bb5,P100,64,512,2
76cfb81488b8a33eaee54c41,P100,64,512,2
59f9fc326cd7ee1bb0f88e6e,P100,64,512,2
4b1be3e20355833289c79020,P100,64,512,2
0b44af1920600253930cbd16,P100,64,512,2
9c287b8e60a7bd8dc2f97ea2,P100,64,512,2
f0f2315aa9dfb8d05070ceb9,P100,64,512,2
517a82016312a04549919b15,P100,64,512,2
cb608249d9174ba79346bfa9,P100,64,512,2
3a762c3f58961bb5d9cfcbab,P100,64,512,2
92ef0f3e7a2a6ee902d20945,P100,64,512,2
8729ad0ddb6b432b2cd721c4,P100,64,512,2
86391d5086fc889b28f3d84d,P100,64,512,2
0a165a667bc5517057f03694,P100,64,512,2
66af1f9a75eee4b076cef923,P100,64,512,2
c5c4141d24eb4afef7049dfb,P100,64,512,2
68d69a046dbe7530053683c3,P100,64,512,2
efd4d918272e8e448661e1a6,P100,64,512,2
4f9a5eaf78b63e7a02ff14b6,P100,64,512,2
c586c878845efa48b3d4d799,P100,64,512,2
45ed40d69e979f0784138ca9,P100,64,512,2
1a4e9ff2be33bd01f3133187,P100,64,512,2
8ea2c6ea2246806c23d04f4e,P100,64,512,2
45696ca5b13e4fa9500cd844,P100,64,512,2
4d9b323b5f481393f980c288,P100,64,512,2
374dd3ed6d62d52b59b3fa83,P100,64,512,2
935a33ac0c193a4a8e8a003f,P100,64,512,2
92ad614b8f8b6f3838da598f,P100,64,512,2
5aef57b24dc0767ca9e832ad,P100,64,512,2
a4189218c4c41e70332db616,P100,64,512,2
7b036fe400de3dc1bfd3650d,P100,64,512,2
b21b5e598a51a43c1ba0e679,P100,64,512,2
636e77c2d7bf79454decee65,P100,64,512,2
06aade5282404fc5497976c9,P100,64,512,2
94879089fab5c9c7fe2d3bb7,P100,64,512,2
e8f5e1eedf39a77e61015147,P100,64,512,2
9beb71fd6fcac7cc89ffdfe7,P100,64,512,2
63193c8ac3ad9f3c65ef4d85,P100,64,512,2
e7388ca55595d5a25c883c53,P100,64,512,2
d8790af33b4734b7115ac32d,P100,64,512,2
f8b05e99b8a2a3dc6aa1afe1,P100,64,512,2
017793e4040223dbfa1a4976,P100,64,512,2
00b91c26f39bbc651948bfd6,P100,64,512,2
f08bc4ef3ffbd276586f14df,P100,64,512,2
b76c98cda7a827c8b68e49f6,P100,64,512,2
32398a0d79d957bb83845d96,P100,64,512,2
b4ac210ad2f52abbcbc1eeb3,P100,64,512,2
aae6f1959d79a6c959b270f5,P100,64,512,2
d3135ff24452fd1e1bfa9f03,P100,64,512,2
3eec7cdf92b2a7629f01cad8,P100,64,512,2
5bbef279bfe0b30fde0bd996,P100,64,512,2
ae23e312d81e29cf06b65ce3,P100,64,512,2
44ab9036419ca71c5b2a76b8,P100,64,512,2
1cd4397d65ca8c3896feb930,P100,64,512,2
e8f74b1d8993065d31d869e4,P100,64,512,2
2d87ed7f452cd00fe37345f1,P100,64,512,2
1becd8e6f66c4a482a802e5b,P100,64,512,2
719627545655d484bad4519e,P100,64,512,2
953cf797bdb7c20ff0d35733,P100,64,512,2
eee0b3cc90c80bf0c01ddd49,P100,64,512,2
2b00c73fe15057b505823fdc,P100,64,512,2
1d8ba7afd528f5584982e05b,P100,64,512,2
e43a514a106a88fa2ee49fdd,P100,64,512,2
b678993302993d86b3e02b89,P100,64,512,2
263a597058a7aa0b09062fa7,P100,64,512,2
08dc070dba72de8ea324d127,P100,64,512,2
698196dae98d1c3512ac17dd,P100,64,512,2
52d37e333f6897a17fe84800,P100,64,512,2
3ab2b9ee29c66323d3189a91,P100,64,512,2
ef462dddc2271cde7f46cc8f,P100,64,512,2
f55bc9d5fe5134e734f583aa,P100,64,512,2
a900daa76c3b92008c60df61,P100,64,512,2
26eeb3a803307b641fefa1d1,P100,64,512,2
30feb72c88bba03fbd76423c,P100,64,512,2
17ab73f62733f390eaeeb4cc,P100,64,512,2
be165aa2f48caf980c6180fb,P100,64,512,2
f7b3f1764075834b02b820c1,P100,64,512,2
20c4ace4ab7a8500e522d598,P100,64,512,2
e4ae2f16892b187e785bff7d,P100,64,512,2
ff61618e453c37f9305ff46d,P100,64,512,2
6c7467515c31fd62f9d7b046,P100,64,512,2
36bbc65bd007d2a0e313f996,P100,64,512,2
067abae3d1f17bd33725b252,P100,64,512,2
35e0f557c90321dd6c7e5dbe,P100,64,512,2
26a756883dc98a347ae755cb,P100,64,512,2
479dc38e1fec44b6a1e197b3,P100,64,512,2
7bcdc7cc90f3b38e6dbb7c95,P100,64,512,2
e64a921c0e9113794539469e,P100,64,512,2
31733efb45cccfd940223870,P100,64,512,2
146a1c39a118a83cc6b79990,P100,64,512,2
653ee51ecccd4baed98b0673,P100,64,512,2
89f68f3d465edb3741e4719a,P100,64,512,2
27320c953f75e40e0188f264,P100,64,512,2
1bc71d5d2815b5bcd3f643a3,P100,64,512,2
d461f99d615eda6fb97adaf6,P100,64,512,2
90ad23a2762d4ee33de80d1a,P100,64,512,2
ab7935cbd11eaa0f75255091,P100,64,512,2
d732e97ec59f65bc02211775,P100,64,512,2
a589ffb6e69cb2d917cfef17,P100,64,512,2
f6b02ae0e417e78e02af7225,P100,64,512,2
96126c32e5bfa96e217a1e3a,P100,64,512,2
432af19c838f4ef60aa5af75,P100,64,512,2
868deeeeb9bec0cf1e856b60,P100,64,512,2
5606e0c6250d3704fd446e50,P100,64,512,2
507cbdde52ce08a9702f8267,P100,64,512,2
fd9f1298d70c4fa82559d15f,P100,64,512,2
0368f808a137976a1ca2e6fa,P100,64,512,2
251c62bb62f98ebc52f3a040,P100,64,512,2
da305463a2b9334ce5914a41,P100,64,512,2
d0c0c6c68b00401b0ac9adb5,P100,64,512,2
4aa72ac9bb3b481adc47b818,P100,64,512,2
1c5423230c733bda124ac406,P100,64,512,2
756ee7f38a6863682df8c68c,P100,64,512,2
ec2e4dc602dcd7e0dfb1c7b4,P100,64,512,2
b6df17aaa2bdf5018aff8fbe,P100,64,512,2
b9f31061ef9d38e848156eb5,P100,64,512,2
2ee8d980932bd44db0da4fe7,P100,64,512,2
7fedcd3d56c8db8bc65d9b33,P100,64,512,2
21819c550ee76d3426019b90,P100,64,512,2
8c6037ac4eeb5dec03ed8fa1,P100,64,512,2
f50778ef4a069ef07dcbf829,V100,96,384,8
4ae2b23083a0d27013f30199,V100,96,384,8
a24587964cada7173df3c5af,V100,96,384,8
285e9375e2a0eadbb6410fbc,V100,96,384,8
16b8ba0bc0b309f87a43f064,V100,96,384,8
6f25d568af0db93a1ad9c38a,V100,96,384,8
e899962be36a0b8b20cb6cd1,V100,96,384,8
f518e374e104412902ba874f,V100,96,384,8
f28b533c9d1a7a560e781a24,V100,96,384,8
520a583d152455edf916a7c7,V100,96,384,8
3ae74b1dce786b3af5665d11,V100,96,384,8
330c31884b912a9a04c32a44,V100,96,384,8
e2aab07e9585688eb3a780b2,V100,96,384,8
c1dda76dc4ec2d284a5f64be,V100,96,384,8
4da2eec31d7b392714461e6a,V100,96,384,8
b2e06506cbca72d829550b85,V100,96,384,8
28a143c256308beeb01910e6,V100,96,384,8
0018d759f400ef5c0457ab9c,V100,96,384,8
1fc04f4024b93038485f2b2f,V100,96,384,8
283cf599e1a6d0ba3b7fdecd,V100,96,384,8
5310f0bdb5bbfc6860341f2b,V100,96,384,8
1dda4a863082de77cabb8e22,V100,96,384,8
4837147d5ecdf8a81109cbf9,V100,96,384,8
0a20cc6112bd7796a1143fbe,V100,96,384,8
11e300d1902215153f16e653,V100,96,384,8
8a4f5843c485219dbaf22087,V100,96,384,8
dc4752cba661d287262dc07c,V100,96,384,8
f2066c593db5b30ed0a336fd,V100,96,384,8
d9ebc5665343a8ad6e28d929,V100,96,384,8
6abefe8542cbaa263622b6ad,V100,96,384,8
424d6d136f01e6bd20650460,V100,96,384,8
9e4d63081b03c599e8ac8388,V100,96,384,8
044d6f8f41708a9585273f1d,V100,96,384,8
f41560210e3f202d7d0f1e04,V100,96,384,8
8ce2de6261fc0e6e5c61108e,V100,96,384,8
0f8750b51558f4ad8e116fbc,V100,96,384,8
b0691a3a0c04dabd09d94f3b,V100,96,384,8
b630cfe57bbb54f1f1f9c6c5,V100,96,384,8
ff721c44aed563f68b172524,V100,96,384,8
d16ca2cfa2ae2ce145d66bb1,V100,96,384,8
1c8929243f5aaf19555699ec,V100,96,384,8
af545b1681bc6c802c97fcad,V100,96,384,8
a9cfeaeac67864fd62b35cdb,V100,96,384,8
1efc0a5201c039b36242773d,V100,96,384,8
ebdd0c1b37e0cc8bb2030873,V100,96,384,8
1fce4f46b813d28cbccbfbc3,V100,96,512,8
147bc772c215a8e45fbea428,V100,96,512,8
ccbd9d2e9062e626cec5fc8f,V100,96,512,8
dd2d04d8712c2fe967ffdb2a,V100,96,512,8
4efd09f9e8301243c372cdd5,V100,96,512,8
73cf6f48e34ad21159fcaeba,V100,96,512,8
8d349256a295ca9cb2d725d6,V100,96,512,8
79fcf01a1b9970aff0d1ec12,V100,96,512,8
3c0b46cb8d024545c3fb4e1e,V100,96,512,8
b1ad204ff0dd74bd91fb86ae,V100,96,512,8
a5a566376e16be2b2b93a81b,V100,96,512,8
459a1a57a460ba93db2073ef,V100,96,512,8
5c487fe24e626ddb424c002f,V100,96,512,8
050ea2fa5ebe2f235fab4432,V100,96,512,8
8f0929342e50f63c7679353b,V100,96,512,8
8767c94a8712af8a82007e33,V100,96,512,8
cdaa1637b51a2ac7a9561c34,V100,96,512,8
a9f068402d6419a8ea300f01,V100,96,512,8
34764fb27dc6cc5da3ad8a89,V100,96,512,8
458b2ee32f64b546b832d7d1,V100,96,512,8
143ae60e86f40f8f1d0be15d,V100,96,512,8
de166de47619a43a12e93268,V100,96,512,8
79c30fc1aa8bb881a6ffdfea,V100,96,512,8
11f3e8feb571d4babebae3d4,V100,96,512,8
aebda8e546d1a3d7166415bc,V100,96,512,8
d1d8dda0ef42b50f17e2cdbc,V100,96,512,8
d49058228ddcb1df3619cab2,V100,96,512,8
e4245bd80638f58db6800329,V100,96,512,8
67fcb6c7387317ab96869b2d,V100,96,512,8
db113f4d492f5a57c98ea6a0,V100,96,512,8
8d2ea6f843ffcdb6d88b0fba,V100,96,512,8
af1497a5c3d710f9d7f797ab,V100,96,512,8
400d9b94ec0becba2c8eb12d,V100,96,512,8
b52ed843877faf7acb00b781,V100,96,512,8
ef8a7a034e368b22ac53e593,V100,96,512,8
1cdd4e5b2d41481a56e602df,V100,96,512,8
721b49d6754c1d4bb188aff1,V100,96,512,8
c5b48d6d16c475e7f8452cbd,V100,96,512,8
e383118e698d371802e4d6d7,V100,96,512,8
7e56910ccf7dbe13e3b1229f,V100,96,512,8
a9523dbc06ebcc1ef1c641dc,V100,96,512,8
fc65cf277877b8d907b90750,V100,96,512,8
f98c9473c5f16d3d1fcd5cbc,V100,96,512,8
df8f272c9225f5bf63c348fe,V100,96,512,8
4b0adc52b69338f91734d362,V100,96,512,8
15dc5be1ed339da8520c8d5e,V100,96,512,8
421c9b4d9352fdfe0b5da802,V100,96,512,8
b4a739f47090d88724033d39,V100,96,512,8
a0225819d8d9d82a2b3e6ff7,V100,96,512,8
f583cac49fc33ad9fe194ea5,V100,96,512,8
ec18e31561143829a23f97ed,V100,96,512,8
df6624bb87f4660b22b05aae,V100,96,512,8
80b5b8a39fbe5a4c72da191a,V100,96,512,8
217798f81c7b0776b40784d6,V100,96,512,8
cb8256e39a679950e6dd8e72,V100,96,512,8
b963a7c9e18da7a79e3eafcc,V100,96,512,8
40ce5228c18090a9440aa6db,V100,96,512,8
1a22c7040e090510e29bc619,V100,96,512,8
56841ead99284a1b4417c060,V100,96,512,8
6ee748f4180d0192e3740e11,V100M32,96,384,8
11138218e391f68cf0a24e0e,V100M32,96,384,8
962f661fd26c18c146092a03,V100M32,96,384,8
dd71a9fcb18a076c4f1b24e9,V100M32,96,384,8
be5e6c3f89cf67f4ab7528a2,V100M32,96,384,8
2847e0ab38b42f69a70578a9,V100M32,96,384,8
2b8b1ba873c442a0b46a63de,V100M32,96,384,8
e5d78c232fdd992dc43cc6fd,V100M32,96,384,8
6072d294b853897023472f49,V100M32,96,384,8
8897ab0c83fe2a000fcd45d4,V100M32,96,384,8
a75e5dd064906341d8c707ea,V100M32,96,384,8
1a665ee7c93b2234b7f2c17f,V100M32,96,384,8
5ce9d21eaf6597157cb2b392,V100M32,96,384,8
59b43e66ca42996a99cd45e8,V100M32,96,384,8
d39c0030eca26dafb24460b2,V100M32,96,384,8
83238cf3d3a6aed6b22564dc,V100M32,96,384,8
beadd1c955ef70b508e0c448,V100M32,96,384,8
51c3c0d5c313111b63288781,V100M32,96,384,8
703a13b9a74d243a9457ac4d,V100M32,96,384,8
69a608a0e27702c2f7b423f9,V100M32,96,384,8
ba39ee03761c1e8fbd56c166,V100M32,96,384,8
01db31355e0ad0aca523dff7,V100M32,96,384,8
fd5f53745f6797ee6f9a599b,V100M32,96,384,8
cdcd4743db668dad0cd6a169,V100M32,96,384,8
45b28ae9a13e63bf607d95d3,V100M32,96,384,8
a410fa4b9a2ed2a5839bd059,V100M32,96,384,8
dc0ff77ba72ff8ab66211913,V100M32,96,384,8
c2ea45bdd70eaf6b2a8094a5,V100M32,96,384,8
b0922da0a4cee1af95d5fe38,V100M32,96,384,8
9e52f2f77f67e7f58320c57f,V100M32,96,384,8
42a34b76ad5235ed72099572,V100M32,96,384,8
9016d389e8d1373946f89919,V100M32,96,384,8
50f81b0df047e2ac3be9a10a,V100M32,96,384,8
61c54f2fe24b39a40183ac07,V100M32,96,384,8
a4d004af277897f6c45225a0,V100M32,96,384,8
aa3f66bdd778da38b940c150,V100M32,96,384,8
090e47d69ca89eb362355a97,V100M32,96,384,8
e7bfc0de59a0561190961399,V100M32,96,384,8
49ae87a2b620ac10a8535380,V100M32,96,384,8
99ac7f8d6b42197d40ff5e7c,V100M32,96,384,8
957bc8047bcf36f303bb67a0,V100M32,96,384,8
64b7b7d09206229ac29e50f9,V100M32,96,384,8
e8c5dc8ce045e7de2880c873,V100M32,96,384,8
944e10824613eb5febf4e1f6,V100M32,96,384,8
e270fdef1c796176965a2bb6,V100M32,96,384,8
6d43a3389386e16a7148d9ac,V100M32,96,384,8
33da7860862af4a293686d1c,V100M32,96,384,8
17185cff7bebe7ba968b480c,V100M32,96,384,8
251d3afd309a8839c18da7a5,V100M32,96,384,8
77947f86e8c86f9d74ba5a53,V100M32,96,384,8
85ab65ccb902a3825f8d5678,V100M32,96,384,8
8ffa1393303cc648ee7a216f,V100M32,96,384,8
5cc065938f2f480b3c90d1e7,V100M32,96,384,8
4f67e9ae8d8cec6e1c1e770f,V100M32,96,384,8
5d52fafd59468ae62c824843,V100M32,96,384,8
1f3f97ce9e3f3fc30a609ce0,V100M32,96,384,8
b9ec894a2d24fa94b44077c9,V100M32,96,384,8
161710c9cb5a548632300f11,V100M32,96,384,8
db371c40a03b2ddc4f51546a,V100M32,96,384,8
cd309e50afc9c23929c4ad7a,V100M32,96,384,8
adff7301bf89f11fab5e91f3,V100M32,96,384,8
9c7626e8c0b6c339e1f57981,V100M32,96,384,8
f8bce68be805790f46123de0,V100M32,96,384,8
7de211c19601b2c009039e9a,V100M32,96,384,8
4cadba5168e7ab17db001709,V100M32,96,384,8
5b4191fc9fbe4129300f7b1f,V100M32,96,384,8
f9e96f431a421b5df8a52a38,V100M32,96,384,8
a9e45e4cac2f6f26fc9c8b14,V100M32,96,384,8
fd7232a5ac9d094ead14b852,V100M32,96,384,8
32d8fef550bc6310a52c0468,V100M32,96,384,8
8da746fe9045a3c6d41e1664,V100M32,96,384,8
eb611f4ad12033d39626875a,V100M32,96,384,8
4a1d58d07a8aa795474e44b8,V100M32,96,384,8
8c028643096e4c2c6b6bc990,V100M32,96,384,8
b2897296e9402cce1ac00e73,V100M32,96,384,8
6e5816c3b9334f11d9e215b1,V100M32,96,384,8
07ad0a254f9018f6ff8a30f4,V100M32,96,384,8
d772438a981178915f3aa3e0,V100M32,96,384,8
29f99950a73f41f7461aff8a,V100M32,96,384,8
a709184e0fe66440a4935486,V100M32,96,384,8
6c2fd2b0f2ddc5c22b19542a,V100M32,96,384,8
4a57d4f3d41316da3c4ae876,V100M32,96,384,8
08c68f403a3bec6076c257f4,V100M32,96,384,8
35bdb0959166c5c733d31036,V100M32,96,384,8
a815ac552b1da4d735ad8a89,V100M32,96,384,8
d84f5bc585e4ac5d24b30ec1,V100M32,96,384,8
9528c4531aca2fec03145bc3,V100M32,96,384,8
b2e0c762f2cd7dcde3c4eba8,V100M32,96,384,8
c2bf718f298f4173af121fc7,V100M32,96,384,8
dbd8e716ade6e817f0816ed7,V100M32,96,384,8
5d85400956de8a8a132547c4,V100M32,96,384,8
5549fabbffc3f950c0e75d5d,V100M32,96,384,8
fa1c5d70d46c786b0c1cc8c1,V100M32,96,384,8
cc4165e47dd53eca80c77180,V100M32,96,384,8
c84299aae2d7314004298149,V100M32,96,384,8
5563e9f105a0f9600fbe167f,V100M32,96,384,8
6de37567977dce39baafac8d,V100M32,96,384,8
f7e6c3c3e381f9e22220c9ff,V100M32,96,384,8
f5b281469b1b843fd6756698,V100M32,96,384,8
723266ae873d6e903e9857e2,V100M32,96,384,8
3ec59507d29bbfa23edfe994,V100M32,96,384,8
ecfcefad484931b07ffe882b,V100M32,96,384,8
aac488d7ef95162285e4d5a0,V100M32,96,384,8
301cea077d7de62f3e06b2f2,V100M32,96,384,8
7872b75e5e185b8fb31ef1a5,V100M32,96,384,8
4ef65112da97ed170b934eb0,V100M32,96,384,8
954b070e1a34e07d6cafd0c5,V100M32,96,384,8
64ce8199950afc63fd21fe96,V100M32,96,384,8
30e4e88f1d7257f41ddc5a4b,V100M32,96,384,8
b8dca09e0247ec64355414f9,V100M32,96,384,8
94d44f0abad186f7e693a9fa,V100M32,96,384,8
08fe2b5e79c260ff118c6d27,V100M32,96,384,8
9bcc045c9dcbf750bed9ec05,V100M32,96,384,8
3bd58cc3c2732d81a4e35ce7,V100M32,96,384,8
bdc3bd6a1daa2191a34e5b20,V100M32,96,384,8
7bc40cff9096c1a0aab48883,V100M32,96,384,8
b376bbfd8c39dc2992ca6a46,V100M32,96,384,8
c3a67200eaebd3d87534419d,V100M32,96,384,8
08d3eb6f770ee894d5d66ffc,V100M32,96,384,8
4643bbef392bc099caf7d6c0,V100M32,96,384,8
01cc3562f0b2d5147c246da6,V100M32,96,384,8
e884aa64a6e22a1779f6f410,V100M32,96,384,8
41589f91ade267f3a0320106,V100M32,96,384,8
968a4e8043c21eba157d27b2,V100M32,96,384,8
d5498eea86981d38b3c487c4,V100M32,96,384,8
d79936829e73b93550e35576,V100M32,96,384,8
101ecbca4c891a23b7d22565,V100M32,96,384,8
e0d1954f3dadad28ffb00674,V100M32,96,384,8
3ee4db379be673c077a8a4d0,V100M32,96,384,8
2884c5e52ed8b3c1e9519f90,V100M32,96,384,8
2979722d2efd302ceedfcc6b,V100M32,96,384,8
641527b3be32730e483adb33,V100M32,96,384,8
c0c5d94d80e80974833e9dd1,V100M32,96,384,8
3cc7f50829bef281c20cf1cc,V100M32,96,384,8
a12e33726524543425a94398,V100M32,96,384,8
